geoid,Tract,County Name,State,Median Income
36005000100,1.0, Bronx, NY,
36005000200,2.0, Bronx, NY,72194.0
36005000400,4.0, Bronx, NY,111250.0
36005001600,16.0, Bronx, NY,49866.0
36005001901,19.01, Bronx, NY,53065.0
36005001902,19.02, Bronx, NY,65938.0
36005001903,19.03, Bronx, NY,
36005001904,19.04, Bronx, NY,
36005002001,20.01, Bronx, NY,24806.0
36005002002,20.02, Bronx, NY,47967.0
36005002300,23.0, Bronx, NY,34766.0
36005002400,24.0, Bronx, NY,
36005002500,25.0, Bronx, NY,37195.0
36005002701,27.01, Bronx, NY,21071.0
36005002702,27.02, Bronx, NY,16250.0
36005002800,28.0, Bronx, NY,69694.0
36005003100,31.0, Bronx, NY,36635.0
36005003300,33.0, Bronx, NY,23926.0
36005003500,35.0, Bronx, NY,30799.0
36005003700,37.0, Bronx, NY,53649.0
36005003800,38.0, Bronx, NY,83788.0
36005003900,39.0, Bronx, NY,36643.0
36005004001,40.01, Bronx, NY,88500.0
36005004100,41.0, Bronx, NY,33029.0
36005004200,42.0, Bronx, NY,85965.0
36005004300,43.0, Bronx, NY,34137.0
36005004400,44.0, Bronx, NY,27700.0
36005004600,46.0, Bronx, NY,34196.0
36005004800,48.0, Bronx, NY,46127.0
36005005001,50.01, Bronx, NY,29605.0
36005005002,50.02, Bronx, NY,33977.0
36005005100,51.0, Bronx, NY,19349.0
36005005200,52.0, Bronx, NY,35000.0
36005005300,53.0, Bronx, NY,23785.0
36005005400,54.0, Bronx, NY,48750.0
36005005600,56.0, Bronx, NY,58594.0
36005005902,59.02, Bronx, NY,50875.0
36005006000,60.0, Bronx, NY,39297.0
36005006100,61.0, Bronx, NY,83420.0
36005006200,62.0, Bronx, NY,29312.0
36005006301,63.01, Bronx, NY,48021.0
36005006302,63.02, Bronx, NY,
36005006400,64.0, Bronx, NY,42230.0
36005006500,65.0, Bronx, NY,22093.0
36005006700,67.0, Bronx, NY,15636.0
36005006800,68.0, Bronx, NY,41528.0
36005006900,69.0, Bronx, NY,46750.0
36005007000,70.0, Bronx, NY,61414.0
36005007100,71.0, Bronx, NY,63000.0
36005007200,72.0, Bronx, NY,55057.0
36005007300,73.0, Bronx, NY,30313.0
36005007400,74.0, Bronx, NY,67824.0
36005007500,75.0, Bronx, NY,39263.0
36005007600,76.0, Bronx, NY,56863.0
36005007700,77.0, Bronx, NY,54722.0
36005007800,78.0, Bronx, NY,57488.0
36005007900,79.0, Bronx, NY,30939.0
36005008300,83.0, Bronx, NY,46502.0
36005008400,84.0, Bronx, NY,91927.0
36005008500,85.0, Bronx, NY,39403.0
36005008600,86.0, Bronx, NY,38479.0
36005008700,87.0, Bronx, NY,35996.0
36005008900,89.0, Bronx, NY,40304.0
36005009000,90.0, Bronx, NY,32132.0
36005009200,92.0, Bronx, NY,55272.0
36005009301,93.01, Bronx, NY,49116.0
36005009302,93.02, Bronx, NY,
36005009600,96.0, Bronx, NY,69583.0
36005009800,98.0, Bronx, NY,76483.0
36005011000,110.0, Bronx, NY,
36005011502,115.02, Bronx, NY,28250.0
36005011701,117.01, Bronx, NY,38342.0
36005011702,117.02, Bronx, NY,
36005011800,118.0, Bronx, NY,116270.0
36005011900,119.0, Bronx, NY,37841.0
36005012101,121.01, Bronx, NY,47083.0
36005012102,121.02, Bronx, NY,38750.0
36005012300,123.0, Bronx, NY,46360.0
36005012500,125.0, Bronx, NY,47443.0
36005012701,127.01, Bronx, NY,39414.0
36005012901,129.01, Bronx, NY,37178.0
36005013000,130.0, Bronx, NY,74297.0
36005013100,131.0, Bronx, NY,55192.0
36005013200,132.0, Bronx, NY,138897.0
36005013300,133.0, Bronx, NY,46285.0
36005013500,135.0, Bronx, NY,25461.0
36005013800,138.0, Bronx, NY,79741.0
36005014100,141.0, Bronx, NY,43713.0
36005014300,143.0, Bronx, NY,35703.0
36005014400,144.0, Bronx, NY,31860.0
36005014500,145.0, Bronx, NY,22190.0
36005014701,147.01, Bronx, NY,32425.0
36005014702,147.02, Bronx, NY,29650.0
36005014900,149.0, Bronx, NY,36250.0
36005015100,151.0, Bronx, NY,31045.0
36005015200,152.0, Bronx, NY,79130.0
36005015300,153.0, Bronx, NY,47500.0
36005015500,155.0, Bronx, NY,38558.0
36005015700,157.0, Bronx, NY,40963.0
36005015800,158.0, Bronx, NY,76875.0
36005015900,159.0, Bronx, NY,67083.0
36005016000,160.0, Bronx, NY,106447.0
36005016100,161.0, Bronx, NY,22353.0
36005016200,162.0, Bronx, NY,96016.0
36005016300,163.0, Bronx, NY,
36005016400,164.0, Bronx, NY,85893.0
36005016500,165.0, Bronx, NY,40625.0
36005016600,166.0, Bronx, NY,97535.0
36005016700,167.0, Bronx, NY,55568.0
36005016900,169.0, Bronx, NY,39805.0
36005017100,171.0, Bronx, NY,
36005017300,173.0, Bronx, NY,40563.0
36005017500,175.0, Bronx, NY,35878.0
36005017701,177.01, Bronx, NY,23682.0
36005017702,177.02, Bronx, NY,41220.0
36005017901,179.01, Bronx, NY,45412.0
36005017902,179.02, Bronx, NY,37226.0
36005018101,181.01, Bronx, NY,49076.0
36005018102,181.02, Bronx, NY,43883.0
36005018301,183.01, Bronx, NY,73077.0
36005018302,183.02, Bronx, NY,53693.0
36005018400,184.0, Bronx, NY,105349.0
36005018501,185.01, Bronx, NY,53400.0
36005018502,185.02, Bronx, NY,24982.0
36005018900,189.0, Bronx, NY,39341.0
36005019300,193.0, Bronx, NY,37763.0
36005019400,194.0, Bronx, NY,69688.0
36005019500,195.0, Bronx, NY,51431.0
36005019700,197.0, Bronx, NY,38164.0
36005019900,199.0, Bronx, NY,38720.0
36005020000,200.0, Bronx, NY,44038.0
36005020100,201.0, Bronx, NY,45347.0
36005020200,202.0, Bronx, NY,54063.0
36005020400,204.0, Bronx, NY,54521.0
36005020501,205.01, Bronx, NY,22031.0
36005020502,205.02, Bronx, NY,58750.0
36005020601,206.01, Bronx, NY,81845.0
36005020900,209.0, Bronx, NY,44917.0
36005021001,210.01, Bronx, NY,66746.0
36005021002,210.02, Bronx, NY,62202.0
36005021100,211.0, Bronx, NY,41604.0
36005021200,212.0, Bronx, NY,80019.0
36005021301,213.01, Bronx, NY,40278.0
36005021302,213.02, Bronx, NY,33864.0
36005021501,215.01, Bronx, NY,41832.0
36005021502,215.02, Bronx, NY,33250.0
36005021601,216.01, Bronx, NY,50966.0
36005021602,216.02, Bronx, NY,53042.0
36005021700,217.0, Bronx, NY,47392.0
36005021800,218.0, Bronx, NY,63456.0
36005021900,219.0, Bronx, NY,44474.0
36005022000,220.0, Bronx, NY,30714.0
36005022101,221.01, Bronx, NY,45597.0
36005022102,221.02, Bronx, NY,42161.0
36005022200,222.0, Bronx, NY,50083.0
36005022300,223.0, Bronx, NY,31772.0
36005022401,224.01, Bronx, NY,68191.0
36005022403,224.03, Bronx, NY,87652.0
36005022404,224.04, Bronx, NY,64113.0
36005022500,225.0, Bronx, NY,53576.0
36005022701,227.01, Bronx, NY,41293.0
36005022702,227.02, Bronx, NY,24228.0
36005022703,227.03, Bronx, NY,58125.0
36005022800,228.0, Bronx, NY,70638.0
36005022901,229.01, Bronx, NY,55652.0
36005022902,229.02, Bronx, NY,47688.0
36005023000,230.0, Bronx, NY,52163.0
36005023100,231.0, Bronx, NY,51168.0
36005023200,232.0, Bronx, NY,58542.0
36005023301,233.01, Bronx, NY,52934.0
36005023302,233.02, Bronx, NY,48869.0
36005023501,235.01, Bronx, NY,29934.0
36005023502,235.02, Bronx, NY,61429.0
36005023600,236.0, Bronx, NY,67692.0
36005023702,237.02, Bronx, NY,55043.0
36005023703,237.03, Bronx, NY,19639.0
36005023704,237.04, Bronx, NY,37885.0
36005023800,238.0, Bronx, NY,64750.0
36005023900,239.0, Bronx, NY,43819.0
36005024000,240.0, Bronx, NY,93393.0
36005024100,241.0, Bronx, NY,48110.0
36005024300,243.0, Bronx, NY,46063.0
36005024400,244.0, Bronx, NY,61000.0
36005024501,245.01, Bronx, NY,43010.0
36005024502,245.02, Bronx, NY,42188.0
36005024600,246.0, Bronx, NY,96500.0
36005024700,247.0, Bronx, NY,49808.0
36005024800,248.0, Bronx, NY,79670.0
36005024900,249.0, Bronx, NY,
36005025000,250.0, Bronx, NY,97823.0
36005025100,251.0, Bronx, NY,50425.0
36005025200,252.0, Bronx, NY,78250.0
36005025300,253.0, Bronx, NY,52738.0
36005025400,254.0, Bronx, NY,96595.0
36005025500,255.0, Bronx, NY,48125.0
36005025600,256.0, Bronx, NY,82629.0
36005025700,257.0, Bronx, NY,55400.0
36005026100,261.0, Bronx, NY,79706.0
36005026300,263.0, Bronx, NY,49471.0
36005026400,264.0, Bronx, NY,59464.0
36005026500,265.0, Bronx, NY,54886.0
36005026601,266.01, Bronx, NY,60057.0
36005026602,266.02, Bronx, NY,32359.0
36005026701,267.01, Bronx, NY,58409.0
36005026702,267.02, Bronx, NY,48259.0
36005026900,269.0, Bronx, NY,57661.0
36005027300,273.0, Bronx, NY,47969.0
36005027401,274.01, Bronx, NY,127000.0
36005027402,274.02, Bronx, NY,102552.0
36005027600,276.0, Bronx, NY,
36005027700,277.0, Bronx, NY,33750.0
36005027900,279.0, Bronx, NY,55430.0
36005028100,281.0, Bronx, NY,93974.0
36005028300,283.0, Bronx, NY,
36005028400,284.0, Bronx, NY,
36005028500,285.0, Bronx, NY,75379.0
36005028600,286.0, Bronx, NY,105417.0
36005028700,287.0, Bronx, NY,83869.0
36005028800,288.0, Bronx, NY,84196.0
36005028900,289.0, Bronx, NY,46982.0
36005029301,293.01, Bronx, NY,190417.0
36005029302,293.02, Bronx, NY,152813.0
36005029500,295.0, Bronx, NY,127350.0
36005029600,296.0, Bronx, NY,76250.0
36005029700,297.0, Bronx, NY,158017.0
36005030000,300.0, Bronx, NY,92107.0
36005030100,301.0, Bronx, NY,147500.0
36005030201,302.01, Bronx, NY,71719.0
36005030202,302.02, Bronx, NY,73720.0
36005030701,307.01, Bronx, NY,203284.0
36005030900,309.0, Bronx, NY,157031.0
36005031000,310.0, Bronx, NY,129985.0
36005031200,312.0, Bronx, NY,128571.0
36005031400,314.0, Bronx, NY,128333.0
36005031600,316.0, Bronx, NY,87976.0
36005031800,318.0, Bronx, NY,140463.0
36005031900,319.0, Bronx, NY,
36005032300,323.0, Bronx, NY,88075.0
36005032400,324.0, Bronx, NY,31372.0
36005032600,326.0, Bronx, NY,99583.0
36005032800,328.0, Bronx, NY,51477.0
36005033000,330.0, Bronx, NY,52359.0
36005033201,332.01, Bronx, NY,60398.0
36005033202,332.02, Bronx, NY,72879.0
36005033400,334.0, Bronx, NY,
36005033500,335.0, Bronx, NY,150208.0
36005033601,336.01, Bronx, NY,50015.0
36005033602,336.02, Bronx, NY,
36005033700,337.0, Bronx, NY,130234.0
36005033801,338.01, Bronx, NY,63988.0
36005033802,338.02, Bronx, NY,48125.0
36005034000,340.0, Bronx, NY,56389.0
36005034200,342.0, Bronx, NY,64763.0
36005034300,343.0, Bronx, NY,100202.0
36005034400,344.0, Bronx, NY,74674.0
36005034500,345.0, Bronx, NY,134233.0
36005034800,348.0, Bronx, NY,45859.0
36005035000,350.0, Bronx, NY,87083.0
36005035100,351.0, Bronx, NY,112375.0
36005035600,356.0, Bronx, NY,111215.0
36005035800,358.0, Bronx, NY,107386.0
36005035900,359.0, Bronx, NY,27813.0
36005036000,360.0, Bronx, NY,94706.0
36005036100,361.0, Bronx, NY,27835.0
36005036300,363.0, Bronx, NY,31958.0
36005036400,364.0, Bronx, NY,70451.0
36005036501,365.01, Bronx, NY,37302.0
36005036502,365.02, Bronx, NY,37697.0
36005036700,367.0, Bronx, NY,76319.0
36005036800,368.0, Bronx, NY,43158.0
36005036901,369.01, Bronx, NY,35292.0
36005036902,369.02, Bronx, NY,19286.0
36005037000,370.0, Bronx, NY,78964.0
36005037100,371.0, Bronx, NY,54853.0
36005037200,372.0, Bronx, NY,64840.0
36005037300,373.0, Bronx, NY,49930.0
36005037400,374.0, Bronx, NY,40179.0
36005037504,375.04, Bronx, NY,24632.0
36005037600,376.0, Bronx, NY,76607.0
36005037800,378.0, Bronx, NY,64286.0
36005037900,379.0, Bronx, NY,41768.0
36005038000,380.0, Bronx, NY,42098.0
36005038100,381.0, Bronx, NY,33621.0
36005038200,382.0, Bronx, NY,81204.0
36005038301,383.01, Bronx, NY,55461.0
36005038303,383.03, Bronx, NY,45035.0
36005038304,383.04, Bronx, NY,27734.0
36005038500,385.0, Bronx, NY,22536.0
36005038600,386.0, Bronx, NY,70037.0
36005038700,387.0, Bronx, NY,39205.0
36005038800,388.0, Bronx, NY,75074.0
36005038900,389.0, Bronx, NY,50386.0
36005039000,390.0, Bronx, NY,70755.0
36005039100,391.0, Bronx, NY,38300.0
36005039200,392.0, Bronx, NY,65417.0
36005039300,393.0, Bronx, NY,37478.0
36005039400,394.0, Bronx, NY,50962.0
36005039500,395.0, Bronx, NY,42650.0
36005039600,396.0, Bronx, NY,51744.0
36005039700,397.0, Bronx, NY,44737.0
36005039800,398.0, Bronx, NY,65400.0
36005039901,399.01, Bronx, NY,38448.0
36005039902,399.02, Bronx, NY,48028.0
36005040100,401.0, Bronx, NY,35480.0
36005040302,403.02, Bronx, NY,37869.0
36005040303,403.03, Bronx, NY,37921.0
36005040304,403.04, Bronx, NY,34432.0
36005040400,404.0, Bronx, NY,96837.0
36005040501,405.01, Bronx, NY,47245.0
36005040502,405.02, Bronx, NY,47708.0
36005040600,406.0, Bronx, NY,47650.0
36005040701,407.01, Bronx, NY,46003.0
36005040702,407.02, Bronx, NY,43059.0
36005040800,408.0, Bronx, NY,43846.0
36005040900,409.0, Bronx, NY,54167.0
36005041100,411.0, Bronx, NY,53750.0
36005041300,413.0, Bronx, NY,69234.0
36005041400,414.0, Bronx, NY,96111.0
36005041500,415.0, Bronx, NY,42260.0
36005041800,418.0, Bronx, NY,70094.0
36005041900,419.0, Bronx, NY,51395.0
36005042000,420.0, Bronx, NY,46974.0
36005042100,421.0, Bronx, NY,39856.0
36005042200,422.0, Bronx, NY,74516.0
36005042300,423.0, Bronx, NY,49167.0
36005042400,424.0, Bronx, NY,78229.0
36005042500,425.0, Bronx, NY,45608.0
36005042600,426.0, Bronx, NY,100355.0
36005042800,428.0, Bronx, NY,101379.0
36005042901,429.01, Bronx, NY,51563.0
36005042902,429.02, Bronx, NY,56484.0
36005043000,430.0, Bronx, NY,75848.0
36005043101,431.01, Bronx, NY,44832.0
36005043102,431.02, Bronx, NY,33115.0
36005043400,434.0, Bronx, NY,122609.0
36005043501,435.01, Bronx, NY,26848.0
36005043502,435.02, Bronx, NY,
36005043503,435.03, Bronx, NY,
36005043600,436.0, Bronx, NY,76161.0
36005044200,442.0, Bronx, NY,60766.0
36005044400,444.0, Bronx, NY,97548.0
36005044800,448.0, Bronx, NY,107011.0
36005044901,449.01, Bronx, NY,106500.0
36005044902,449.02, Bronx, NY,128200.0
36005045101,451.01, Bronx, NY,86897.0
36005045102,451.02, Bronx, NY,114063.0
36005045600,456.0, Bronx, NY,115212.0
36005045800,458.0, Bronx, NY,29728.0
36005046000,460.0, Bronx, NY,51336.0
36005046203,462.03, Bronx, NY,53222.0
36005046204,462.04, Bronx, NY,76100.0
36005046205,462.05, Bronx, NY,59077.0
36005046206,462.06, Bronx, NY,102601.0
36005046207,462.07, Bronx, NY,65153.0
36005046208,462.08, Bronx, NY,68339.0
36005046209,462.09, Bronx, NY,43659.0
36005048401,484.01, Bronx, NY,103788.0
36005048402,484.02, Bronx, NY,
36005050400,504.0, Bronx, NY,
36005051601,516.01, Bronx, NY,128704.0
36005051602,516.02, Bronx, NY,
36047000100,1.0, Kings, NY,230132.0
36047000200,2.0, Kings, NY,56477.0
36047000301,3.01, Kings, NY,250001.0
36047000501,5.01, Kings, NY,232625.0
36047000502,5.02, Kings, NY,236858.0
36047000700,7.0, Kings, NY,250001.0
36047000900,9.0, Kings, NY,250001.0
36047001100,11.0, Kings, NY,250001.0
36047001300,13.0, Kings, NY,219779.0
36047001501,15.01, Kings, NY,66376.0
36047001502,15.02, Kings, NY,165905.0
36047001801,18.01, Kings, NY,
36047001802,18.02, Kings, NY,
36047001803,18.03, Kings, NY,
36047001804,18.04, Kings, NY,
36047002000,20.0, Kings, NY,66076.0
36047002100,21.0, Kings, NY,250001.0
36047002200,22.0, Kings, NY,62801.0
36047002300,23.0, Kings, NY,22833.0
36047002901,29.01, Kings, NY,33269.0
36047003000,30.0, Kings, NY,113582.0
36047003101,31.01, Kings, NY,178750.0
36047003102,31.02, Kings, NY,
36047003300,33.0, Kings, NY,149792.0
36047003400,34.0, Kings, NY,119052.0
36047003500,35.0, Kings, NY,163611.0
36047003600,36.0, Kings, NY,93309.0
36047003700,37.0, Kings, NY,156492.0
36047003800,38.0, Kings, NY,200903.0
36047003900,39.0, Kings, NY,190455.0
36047004100,41.0, Kings, NY,250001.0
36047004300,43.0, Kings, NY,186607.0
36047004400,44.0, Kings, NY,171146.0
36047004500,45.0, Kings, NY,189125.0
36047004600,46.0, Kings, NY,203529.0
36047004700,47.0, Kings, NY,250001.0
36047004900,49.0, Kings, NY,181538.0
36047005000,50.0, Kings, NY,149706.0
36047005100,51.0, Kings, NY,205000.0
36047005201,52.01, Kings, NY,145598.0
36047005202,52.02, Kings, NY,121025.0
36047005301,53.01, Kings, NY,154432.0
36047005302,53.02, Kings, NY,
36047005303,53.03, Kings, NY,
36047005400,54.0, Kings, NY,80946.0
36047005601,56.01, Kings, NY,97625.0
36047005602,56.02, Kings, NY,76974.0
36047005800,58.0, Kings, NY,81202.0
36047005900,59.0, Kings, NY,114625.0
36047006000,60.0, Kings, NY,88333.0
36047006200,62.0, Kings, NY,133250.0
36047006300,63.0, Kings, NY,208229.0
36047006400,64.0, Kings, NY,107404.0
36047006500,65.0, Kings, NY,205417.0
36047006600,66.0, Kings, NY,94167.0
36047006700,67.0, Kings, NY,241111.0
36047006800,68.0, Kings, NY,90781.0
36047006901,69.01, Kings, NY,151917.0
36047006902,69.02, Kings, NY,250001.0
36047007000,70.0, Kings, NY,80375.0
36047007100,71.0, Kings, NY,51125.0
36047007200,72.0, Kings, NY,45833.0
36047007400,74.0, Kings, NY,62370.0
36047007500,75.0, Kings, NY,185610.0
36047007600,76.0, Kings, NY,59886.0
36047007700,77.0, Kings, NY,205851.0
36047007800,78.0, Kings, NY,58571.0
36047008000,80.0, Kings, NY,66329.0
36047008200,82.0, Kings, NY,46518.0
36047008400,84.0, Kings, NY,53723.0
36047008500,85.0, Kings, NY,21619.0
36047008600,86.0, Kings, NY,
36047008800,88.0, Kings, NY,58355.0
36047009001,90.01, Kings, NY,80000.0
36047009002,90.02, Kings, NY,53601.0
36047009201,92.01, Kings, NY,70750.0
36047009202,92.02, Kings, NY,34955.0
36047009401,94.01, Kings, NY,38750.0
36047009402,94.02, Kings, NY,54167.0
36047009600,96.0, Kings, NY,55194.0
36047009800,98.0, Kings, NY,46389.0
36047010000,100.0, Kings, NY,56806.0
36047010100,101.0, Kings, NY,78250.0
36047010200,102.0, Kings, NY,54148.0
36047010401,104.01, Kings, NY,50250.0
36047010402,104.02, Kings, NY,33125.0
36047010601,106.01, Kings, NY,39058.0
36047010602,106.02, Kings, NY,58833.0
36047010801,108.01, Kings, NY,59583.0
36047010802,108.02, Kings, NY,36806.0
36047011000,110.0, Kings, NY,69135.0
36047011200,112.0, Kings, NY,54119.0
36047011400,114.0, Kings, NY,47863.0
36047011600,116.0, Kings, NY,37328.0
36047011700,117.0, Kings, NY,102250.0
36047011800,118.0, Kings, NY,58320.0
36047011901,119.01, Kings, NY,194750.0
36047011902,119.02, Kings, NY,
36047012000,120.0, Kings, NY,63836.0
36047012100,121.0, Kings, NY,176250.0
36047012200,122.0, Kings, NY,40288.0
36047012600,126.0, Kings, NY,57885.0
36047012700,127.0, Kings, NY,98101.0
36047012801,128.01, Kings, NY,44762.0
36047012901,129.01, Kings, NY,232554.0
36047012902,129.02, Kings, NY,163269.0
36047013000,130.0, Kings, NY,87634.0
36047013100,131.0, Kings, NY,190673.0
36047013200,132.0, Kings, NY,108902.0
36047013300,133.0, Kings, NY,250001.0
36047013400,134.0, Kings, NY,111654.0
36047013500,135.0, Kings, NY,250001.0
36047013600,136.0, Kings, NY,127486.0
36047013700,137.0, Kings, NY,185556.0
36047013800,138.0, Kings, NY,79875.0
36047013900,139.0, Kings, NY,200089.0
36047014000,140.0, Kings, NY,52222.0
36047014101,141.01, Kings, NY,144038.0
36047014102,141.02, Kings, NY,142075.0
36047014200,142.0, Kings, NY,71000.0
36047014300,143.0, Kings, NY,138264.0
36047014500,145.0, Kings, NY,126894.0
36047014700,147.0, Kings, NY,151181.0
36047014800,148.0, Kings, NY,100625.0
36047014901,149.01, Kings, NY,250001.0
36047014902,149.02, Kings, NY,188362.0
36047015000,150.0, Kings, NY,85069.0
36047015100,151.0, Kings, NY,226607.0
36047015200,152.0, Kings, NY,88750.0
36047015300,153.0, Kings, NY,213750.0
36047015400,154.0, Kings, NY,
36047015500,155.0, Kings, NY,250001.0
36047015700,157.0, Kings, NY,228409.0
36047015900,159.0, Kings, NY,250001.0
36047016000,160.0, Kings, NY,98333.0
36047016100,161.0, Kings, NY,189375.0
36047016200,162.0, Kings, NY,115446.0
36047016300,163.0, Kings, NY,220417.0
36047016400,164.0, Kings, NY,123250.0
36047016500,165.0, Kings, NY,232473.0
36047016600,166.0, Kings, NY,155150.0
36047016700,167.0, Kings, NY,194107.0
36047016800,168.0, Kings, NY,121094.0
36047016900,169.0, Kings, NY,141908.0
36047017000,170.0, Kings, NY,94162.0
36047017100,171.0, Kings, NY,157500.0
36047017200,172.0, Kings, NY,133194.0
36047017400,174.0, Kings, NY,112014.0
36047017500,175.0, Kings, NY,
36047017600,176.0, Kings, NY,95625.0
36047017700,177.0, Kings, NY,
36047017800,178.0, Kings, NY,77083.0
36047017900,179.0, Kings, NY,122109.0
36047018000,180.0, Kings, NY,81000.0
36047018100,181.0, Kings, NY,125179.0
36047018200,182.0, Kings, NY,71875.0
36047018300,183.0, Kings, NY,194063.0
36047018400,184.0, Kings, NY,78043.0
36047018501,185.01, Kings, NY,42545.0
36047018600,186.0, Kings, NY,81136.0
36047018700,187.0, Kings, NY,158750.0
36047018800,188.0, Kings, NY,77917.0
36047019000,190.0, Kings, NY,71823.0
36047019100,191.0, Kings, NY,143790.0
36047019200,192.0, Kings, NY,48558.0
36047019300,193.0, Kings, NY,84438.0
36047019400,194.0, Kings, NY,44177.0
36047019500,195.0, Kings, NY,123241.0
36047019600,196.0, Kings, NY,79659.0
36047019700,197.0, Kings, NY,179310.0
36047019800,198.0, Kings, NY,98393.0
36047019900,199.0, Kings, NY,184292.0
36047020000,200.0, Kings, NY,84524.0
36047020100,201.0, Kings, NY,188040.0
36047020200,202.0, Kings, NY,74500.0
36047020300,203.0, Kings, NY,226103.0
36047020400,204.0, Kings, NY,123289.0
36047020500,205.0, Kings, NY,159773.0
36047020600,206.0, Kings, NY,89857.0
36047020700,207.0, Kings, NY,209853.0
36047020800,208.0, Kings, NY,49659.0
36047021000,210.0, Kings, NY,68558.0
36047021100,211.0, Kings, NY,97708.0
36047021200,212.0, Kings, NY,58615.0
36047021300,213.0, Kings, NY,64783.0
36047021400,214.0, Kings, NY,60078.0
36047021500,215.0, Kings, NY,155257.0
36047021600,216.0, Kings, NY,34750.0
36047021700,217.0, Kings, NY,92303.0
36047021800,218.0, Kings, NY,68813.0
36047021900,219.0, Kings, NY,88828.0
36047022000,220.0, Kings, NY,37188.0
36047022100,221.0, Kings, NY,
36047022200,222.0, Kings, NY,43156.0
36047022400,224.0, Kings, NY,52083.0
36047022600,226.0, Kings, NY,81208.0
36047022700,227.0, Kings, NY,155972.0
36047022800,228.0, Kings, NY,49583.0
36047022900,229.0, Kings, NY,124625.0
36047023000,230.0, Kings, NY,54375.0
36047023100,231.0, Kings, NY,168707.0
36047023200,232.0, Kings, NY,58410.0
36047023300,233.0, Kings, NY,61875.0
36047023400,234.0, Kings, NY,32440.0
36047023500,235.0, Kings, NY,51100.0
36047023600,236.0, Kings, NY,33052.0
36047023800,238.0, Kings, NY,45509.0
36047024000,240.0, Kings, NY,44123.0
36047024100,241.0, Kings, NY,66515.0
36047024200,242.0, Kings, NY,74583.0
36047024300,243.0, Kings, NY,125679.0
36047024400,244.0, Kings, NY,55000.0
36047024500,245.0, Kings, NY,117821.0
36047024600,246.0, Kings, NY,82941.0
36047024700,247.0, Kings, NY,65192.0
36047024800,248.0, Kings, NY,68569.0
36047024900,249.0, Kings, NY,100074.0
36047025000,250.0, Kings, NY,52266.0
36047025100,251.0, Kings, NY,65208.0
36047025200,252.0, Kings, NY,53468.0
36047025300,253.0, Kings, NY,77813.0
36047025400,254.0, Kings, NY,77222.0
36047025500,255.0, Kings, NY,39609.0
36047025600,256.0, Kings, NY,51984.0
36047025700,257.0, Kings, NY,103125.0
36047025800,258.0, Kings, NY,58333.0
36047025901,259.01, Kings, NY,60781.0
36047025902,259.02, Kings, NY,21968.0
36047026000,260.0, Kings, NY,85135.0
36047026100,261.0, Kings, NY,54911.0
36047026200,262.0, Kings, NY,100045.0
36047026300,263.0, Kings, NY,72946.0
36047026400,264.0, Kings, NY,55547.0
36047026500,265.0, Kings, NY,96898.0
36047026600,266.0, Kings, NY,47000.0
36047026700,267.0, Kings, NY,125119.0
36047026800,268.0, Kings, NY,61535.0
36047026900,269.0, Kings, NY,91308.0
36047027000,270.0, Kings, NY,50288.0
36047027100,271.0, Kings, NY,132935.0
36047027200,272.0, Kings, NY,78926.0
36047027300,273.0, Kings, NY,89100.0
36047027400,274.0, Kings, NY,45347.0
36047027500,275.0, Kings, NY,108073.0
36047027600,276.0, Kings, NY,56234.0
36047027700,277.0, Kings, NY,79115.0
36047027800,278.0, Kings, NY,91667.0
36047027900,279.0, Kings, NY,81910.0
36047028000,280.0, Kings, NY,85474.0
36047028100,281.0, Kings, NY,36011.0
36047028200,282.0, Kings, NY,67270.0
36047028300,283.0, Kings, NY,49471.0
36047028400,284.0, Kings, NY,65625.0
36047028501,285.01, Kings, NY,49306.0
36047028502,285.02, Kings, NY,39514.0
36047028600,286.0, Kings, NY,57581.0
36047028700,287.0, Kings, NY,53413.0
36047028800,288.0, Kings, NY,75598.0
36047028900,289.0, Kings, NY,99563.0
36047029000,290.0, Kings, NY,63207.0
36047029100,291.0, Kings, NY,90000.0
36047029200,292.0, Kings, NY,48684.0
36047029300,293.0, Kings, NY,44837.0
36047029400,294.0, Kings, NY,54392.0
36047029500,295.0, Kings, NY,102813.0
36047029600,296.0, Kings, NY,68328.0
36047029700,297.0, Kings, NY,97434.0
36047029800,298.0, Kings, NY,64028.0
36047029900,299.0, Kings, NY,52500.0
36047030000,300.0, Kings, NY,70694.0
36047030100,301.0, Kings, NY,52557.0
36047030200,302.0, Kings, NY,68125.0
36047030300,303.0, Kings, NY,44205.0
36047030400,304.0, Kings, NY,58545.0
36047030500,305.0, Kings, NY,120357.0
36047030600,306.0, Kings, NY,55156.0
36047030700,307.0, Kings, NY,44379.0
36047030800,308.0, Kings, NY,67212.0
36047030900,309.0, Kings, NY,101635.0
36047031100,311.0, Kings, NY,66736.0
36047031300,313.0, Kings, NY,118161.0
36047031401,314.01, Kings, NY,83636.0
36047031402,314.02, Kings, NY,
36047031500,315.0, Kings, NY,79524.0
36047031701,317.01, Kings, NY,97778.0
36047031702,317.02, Kings, NY,98661.0
36047031900,319.0, Kings, NY,77266.0
36047032100,321.0, Kings, NY,52778.0
36047032300,323.0, Kings, NY,83694.0
36047032500,325.0, Kings, NY,54529.0
36047032600,326.0, Kings, NY,36344.0
36047032700,327.0, Kings, NY,62500.0
36047032800,328.0, Kings, NY,34643.0
36047032900,329.0, Kings, NY,72798.0
36047033000,330.0, Kings, NY,34071.0
36047033100,331.0, Kings, NY,77614.0
36047033300,333.0, Kings, NY,76154.0
36047033500,335.0, Kings, NY,90938.0
36047033600,336.0, Kings, NY,80938.0
36047033701,337.01, Kings, NY,80757.0
36047033702,337.02, Kings, NY,79618.0
36047033900,339.0, Kings, NY,61778.0
36047034000,340.0, Kings, NY,27828.0
36047034100,341.0, Kings, NY,
36047034200,342.0, Kings, NY,32783.0
36047034300,343.0, Kings, NY,23198.0
36047034500,345.0, Kings, NY,84083.0
36047034700,347.0, Kings, NY,33756.0
36047034800,348.0, Kings, NY,40250.0
36047034901,349.01, Kings, NY,45478.0
36047034902,349.02, Kings, NY,73375.0
36047035000,350.0, Kings, NY,69688.0
36047035101,351.01, Kings, NY,38381.0
36047035102,351.02, Kings, NY,80515.0
36047035200,352.0, Kings, NY,
36047035301,353.01, Kings, NY,43889.0
36047035302,353.02, Kings, NY,80887.0
36047035400,354.0, Kings, NY,86469.0
36047035500,355.0, Kings, NY,70331.0
36047035601,356.01, Kings, NY,44261.0
36047035602,356.02, Kings, NY,66122.0
36047035701,357.01, Kings, NY,45000.0
36047035702,357.02, Kings, NY,
36047035900,359.0, Kings, NY,73793.0
36047036001,360.01, Kings, NY,53375.0
36047036002,360.02, Kings, NY,40215.0
36047036100,361.0, Kings, NY,41607.0
36047036200,362.0, Kings, NY,65706.0
36047036300,363.0, Kings, NY,40543.0
36047036400,364.0, Kings, NY,54712.0
36047036501,365.01, Kings, NY,61151.0
36047036502,365.02, Kings, NY,51364.0
36047036600,366.0, Kings, NY,61736.0
36047036700,367.0, Kings, NY,86449.0
36047036900,369.0, Kings, NY,44609.0
36047037000,370.0, Kings, NY,94583.0
36047037100,371.0, Kings, NY,81864.0
36047037300,373.0, Kings, NY,63896.0
36047037401,374.01, Kings, NY,71375.0
36047037402,374.02, Kings, NY,77000.0
36047037500,375.0, Kings, NY,87941.0
36047037700,377.0, Kings, NY,82917.0
36047037900,379.0, Kings, NY,51477.0
36047038100,381.0, Kings, NY,56375.0
36047038200,382.0, Kings, NY,20181.0
36047038300,383.0, Kings, NY,79896.0
36047038500,385.0, Kings, NY,113039.0
36047038600,386.0, Kings, NY,84375.0
36047038700,387.0, Kings, NY,
36047038800,388.0, Kings, NY,92581.0
36047038900,389.0, Kings, NY,82953.0
36047039000,390.0, Kings, NY,76912.0
36047039100,391.0, Kings, NY,59867.0
36047039200,392.0, Kings, NY,63646.0
36047039300,393.0, Kings, NY,62500.0
36047039400,394.0, Kings, NY,72083.0
36047039500,395.0, Kings, NY,67083.0
36047039600,396.0, Kings, NY,90357.0
36047039700,397.0, Kings, NY,67063.0
36047039800,398.0, Kings, NY,76919.0
36047039900,399.0, Kings, NY,90043.0
36047040000,400.0, Kings, NY,53346.0
36047040100,401.0, Kings, NY,45149.0
36047040200,402.0, Kings, NY,87596.0
36047040300,403.0, Kings, NY,70463.0
36047040400,404.0, Kings, NY,100179.0
36047040500,405.0, Kings, NY,69688.0
36047040600,406.0, Kings, NY,66661.0
36047040700,407.0, Kings, NY,
36047040800,408.0, Kings, NY,92083.0
36047040900,409.0, Kings, NY,48631.0
36047041000,410.0, Kings, NY,73000.0
36047041100,411.0, Kings, NY,100878.0
36047041200,412.0, Kings, NY,116595.0
36047041300,413.0, Kings, NY,73611.0
36047041401,414.01, Kings, NY,79583.0
36047041402,414.02, Kings, NY,57313.0
36047041500,415.0, Kings, NY,83595.0
36047041600,416.0, Kings, NY,63871.0
36047041700,417.0, Kings, NY,26791.0
36047041800,418.0, Kings, NY,79853.0
36047041900,419.0, Kings, NY,54607.0
36047042000,420.0, Kings, NY,76818.0
36047042100,421.0, Kings, NY,137530.0
36047042200,422.0, Kings, NY,65956.0
36047042300,423.0, Kings, NY,75278.0
36047042400,424.0, Kings, NY,63919.0
36047042500,425.0, Kings, NY,44922.0
36047042600,426.0, Kings, NY,85964.0
36047042700,427.0, Kings, NY,55750.0
36047042800,428.0, Kings, NY,85655.0
36047042900,429.0, Kings, NY,44712.0
36047043000,430.0, Kings, NY,52898.0
36047043100,431.0, Kings, NY,43429.0
36047043200,432.0, Kings, NY,86648.0
36047043300,433.0, Kings, NY,41064.0
36047043400,434.0, Kings, NY,63750.0
36047043500,435.0, Kings, NY,58797.0
36047043600,436.0, Kings, NY,69010.0
36047043700,437.0, Kings, NY,
36047043800,438.0, Kings, NY,69779.0
36047043900,439.0, Kings, NY,82083.0
36047044000,440.0, Kings, NY,92083.0
36047044100,441.0, Kings, NY,39100.0
36047044200,442.0, Kings, NY,99087.0
36047044300,443.0, Kings, NY,92578.0
36047044400,444.0, Kings, NY,63382.0
36047044500,445.0, Kings, NY,76427.0
36047044600,446.0, Kings, NY,69007.0
36047044700,447.0, Kings, NY,40353.0
36047044800,448.0, Kings, NY,69917.0
36047044901,449.01, Kings, NY,
36047044902,449.02, Kings, NY,
36047045000,450.0, Kings, NY,82698.0
36047045200,452.0, Kings, NY,105274.0
36047045300,453.0, Kings, NY,38517.0
36047045400,454.0, Kings, NY,100800.0
36047045600,456.0, Kings, NY,82661.0
36047045800,458.0, Kings, NY,102250.0
36047046000,460.0, Kings, NY,115350.0
36047046201,462.01, Kings, NY,82469.0
36047046202,462.02, Kings, NY,96563.0
36047046400,464.0, Kings, NY,61111.0
36047046800,468.0, Kings, NY,37093.0
36047047000,470.0, Kings, NY,72917.0
36047047200,472.0, Kings, NY,79792.0
36047047400,474.0, Kings, NY,59414.0
36047047600,476.0, Kings, NY,82692.0
36047047700,477.0, Kings, NY,190341.0
36047047800,478.0, Kings, NY,68796.0
36047048000,480.0, Kings, NY,41250.0
36047048100,481.0, Kings, NY,72550.0
36047048200,482.0, Kings, NY,59300.0
36047048400,484.0, Kings, NY,56447.0
36047048500,485.0, Kings, NY,87734.0
36047048600,486.0, Kings, NY,55569.0
36047048800,488.0, Kings, NY,62099.0
36047048900,489.0, Kings, NY,28583.0
36047049000,490.0, Kings, NY,63085.0
36047049100,491.0, Kings, NY,34940.0
36047049200,492.0, Kings, NY,124063.0
36047049301,493.01, Kings, NY,29508.0
36047049302,493.02, Kings, NY,46483.0
36047049400,494.0, Kings, NY,91005.0
36047049500,495.0, Kings, NY,126165.0
36047049600,496.0, Kings, NY,78844.0
36047049700,497.0, Kings, NY,135625.0
36047049800,498.0, Kings, NY,74615.0
36047049900,499.0, Kings, NY,95917.0
36047050001,500.01, Kings, NY,118858.0
36047050002,500.02, Kings, NY,157500.0
36047050100,501.0, Kings, NY,125956.0
36047050202,502.02, Kings, NY,149091.0
36047050300,503.0, Kings, NY,168750.0
36047050401,504.01, Kings, NY,133466.0
36047050402,504.02, Kings, NY,222188.0
36047050500,505.0, Kings, NY,63589.0
36047050600,506.0, Kings, NY,60881.0
36047050700,507.0, Kings, NY,54946.0
36047050801,508.01, Kings, NY,76193.0
36047050803,508.03, Kings, NY,69537.0
36047050804,508.04, Kings, NY,102007.0
36047050900,509.0, Kings, NY,35625.0
36047051001,510.01, Kings, NY,61349.0
36047051002,510.02, Kings, NY,56418.0
36047051100,511.0, Kings, NY,65923.0
36047051200,512.0, Kings, NY,65662.0
36047051300,513.0, Kings, NY,84514.0
36047051400,514.0, Kings, NY,91071.0
36047051500,515.0, Kings, NY,138333.0
36047051601,516.01, Kings, NY,61382.0
36047051602,516.02, Kings, NY,69539.0
36047051700,517.0, Kings, NY,180938.0
36047051800,518.0, Kings, NY,99489.0
36047051900,519.0, Kings, NY,220750.0
36047052000,520.0, Kings, NY,112217.0
36047052300,523.0, Kings, NY,95200.0
36047052500,525.0, Kings, NY,39773.0
36047052600,526.0, Kings, NY,83875.0
36047052700,527.0, Kings, NY,57383.0
36047052800,528.0, Kings, NY,194313.0
36047052900,529.0, Kings, NY,26689.0
36047053000,530.0, Kings, NY,62344.0
36047053101,531.01, Kings, NY,
36047053102,531.02, Kings, NY,50988.0
36047053200,532.0, Kings, NY,92292.0
36047053300,533.0, Kings, NY,26918.0
36047053400,534.0, Kings, NY,78309.0
36047053500,535.0, Kings, NY,33149.0
36047053700,537.0, Kings, NY,47000.0
36047053800,538.0, Kings, NY,88854.0
36047053900,539.0, Kings, NY,29167.0
36047054200,542.0, Kings, NY,63815.0
36047054300,543.0, Kings, NY,
36047054400,544.0, Kings, NY,89479.0
36047054500,545.0, Kings, NY,25842.0
36047054600,546.0, Kings, NY,64759.0
36047054700,547.0, Kings, NY,61319.0
36047054800,548.0, Kings, NY,111705.0
36047054900,549.0, Kings, NY,81875.0
36047055000,550.0, Kings, NY,93489.0
36047055100,551.0, Kings, NY,99097.0
36047055200,552.0, Kings, NY,102625.0
36047055300,553.0, Kings, NY,95893.0
36047055400,554.0, Kings, NY,62566.0
36047055500,555.0, Kings, NY,198015.0
36047055600,556.0, Kings, NY,54107.0
36047055700,557.0, Kings, NY,107138.0
36047055800,558.0, Kings, NY,88083.0
36047056000,560.0, Kings, NY,93656.0
36047056100,561.0, Kings, NY,121250.0
36047056200,562.0, Kings, NY,118646.0
36047056301,563.01, Kings, NY,144276.0
36047056302,563.02, Kings, NY,70809.0
36047056400,564.0, Kings, NY,109118.0
36047056500,565.0, Kings, NY,115170.0
36047056600,566.0, Kings, NY,105526.0
36047056800,568.0, Kings, NY,86042.0
36047056900,569.0, Kings, NY,171731.0
36047057000,570.0, Kings, NY,93490.0
36047057100,571.0, Kings, NY,130519.0
36047057200,572.0, Kings, NY,32375.0
36047057300,573.0, Kings, NY,155083.0
36047057400,574.0, Kings, NY,88357.0
36047057500,575.0, Kings, NY,107466.0
36047057600,576.0, Kings, NY,81903.0
36047057800,578.0, Kings, NY,84712.0
36047057901,579.01, Kings, NY,100729.0
36047057902,579.02, Kings, NY,
36047058000,580.0, Kings, NY,80417.0
36047058200,582.0, Kings, NY,96550.0
36047058400,584.0, Kings, NY,82969.0
36047058600,586.0, Kings, NY,90208.0
36047058800,588.0, Kings, NY,96447.0
36047058901,589.01, Kings, NY,94688.0
36047058902,589.02, Kings, NY,
36047059000,590.0, Kings, NY,62083.0
36047059100,591.0, Kings, NY,119833.0
36047059200,592.0, Kings, NY,67319.0
36047059300,593.0, Kings, NY,105238.0
36047059402,594.02, Kings, NY,94028.0
36047059403,594.03, Kings, NY,116513.0
36047059404,594.04, Kings, NY,85217.0
36047059600,596.0, Kings, NY,69985.0
36047059800,598.0, Kings, NY,77007.0
36047060000,600.0, Kings, NY,116646.0
36047060600,606.0, Kings, NY,72961.0
36047060800,608.0, Kings, NY,110455.0
36047061002,610.02, Kings, NY,108654.0
36047061003,610.03, Kings, NY,53309.0
36047061004,610.04, Kings, NY,50000.0
36047061200,612.0, Kings, NY,165167.0
36047061600,616.0, Kings, NY,160500.0
36047062000,620.0, Kings, NY,96944.0
36047062200,622.0, Kings, NY,108500.0
36047062600,626.0, Kings, NY,81231.0
36047062800,628.0, Kings, NY,107283.0
36047063200,632.0, Kings, NY,87083.0
36047063600,636.0, Kings, NY,138167.0
36047063800,638.0, Kings, NY,118846.0
36047064000,640.0, Kings, NY,138558.0
36047064200,642.0, Kings, NY,91250.0
36047064400,644.0, Kings, NY,94444.0
36047064600,646.0, Kings, NY,90221.0
36047064800,648.0, Kings, NY,116840.0
36047065000,650.0, Kings, NY,80202.0
36047065200,652.0, Kings, NY,128789.0
36047065400,654.0, Kings, NY,116563.0
36047065600,656.0, Kings, NY,109271.0
36047065800,658.0, Kings, NY,119205.0
36047066000,660.0, Kings, NY,139000.0
36047066200,662.0, Kings, NY,84628.0
36047066600,666.0, Kings, NY,
36047067000,670.0, Kings, NY,88667.0
36047067200,672.0, Kings, NY,89737.0
36047067400,674.0, Kings, NY,146250.0
36047067600,676.0, Kings, NY,89265.0
36047067800,678.0, Kings, NY,99438.0
36047068000,680.0, Kings, NY,105380.0
36047068200,682.0, Kings, NY,101818.0
36047068600,686.0, Kings, NY,122125.0
36047068800,688.0, Kings, NY,123333.0
36047069000,690.0, Kings, NY,125233.0
36047069200,692.0, Kings, NY,135852.0
36047069601,696.01, Kings, NY,103750.0
36047069602,696.02, Kings, NY,110459.0
36047069800,698.0, Kings, NY,127946.0
36047070000,700.0, Kings, NY,99000.0
36047070201,702.01, Kings, NY,113529.0
36047070202,702.02, Kings, NY,
36047070203,702.03, Kings, NY,
36047070601,706.01, Kings, NY,142500.0
36047070602,706.02, Kings, NY,
36047072000,720.0, Kings, NY,66076.0
36047072200,722.0, Kings, NY,62786.0
36047072400,724.0, Kings, NY,85288.0
36047072600,726.0, Kings, NY,87660.0
36047072800,728.0, Kings, NY,100441.0
36047073000,730.0, Kings, NY,120135.0
36047073200,732.0, Kings, NY,85125.0
36047073400,734.0, Kings, NY,126827.0
36047073600,736.0, Kings, NY,62438.0
36047073800,738.0, Kings, NY,71619.0
36047074000,740.0, Kings, NY,84536.0
36047074200,742.0, Kings, NY,76250.0
36047074400,744.0, Kings, NY,148333.0
36047074600,746.0, Kings, NY,117941.0
36047074800,748.0, Kings, NY,140268.0
36047075000,750.0, Kings, NY,89297.0
36047075200,752.0, Kings, NY,160714.0
36047075400,754.0, Kings, NY,128036.0
36047075600,756.0, Kings, NY,151989.0
36047075800,758.0, Kings, NY,70224.0
36047076000,760.0, Kings, NY,101250.0
36047076200,762.0, Kings, NY,62818.0
36047076400,764.0, Kings, NY,87692.0
36047076600,766.0, Kings, NY,78558.0
36047076800,768.0, Kings, NY,69400.0
36047077000,770.0, Kings, NY,104441.0
36047077200,772.0, Kings, NY,80438.0
36047077400,774.0, Kings, NY,95859.0
36047077600,776.0, Kings, NY,76734.0
36047078000,780.0, Kings, NY,112917.0
36047078200,782.0, Kings, NY,73849.0
36047078400,784.0, Kings, NY,115769.0
36047078601,786.01, Kings, NY,74241.0
36047078602,786.02, Kings, NY,81083.0
36047078801,788.01, Kings, NY,52778.0
36047078802,788.02, Kings, NY,58649.0
36047079001,790.01, Kings, NY,112365.0
36047079002,790.02, Kings, NY,67283.0
36047079201,792.01, Kings, NY,
36047079202,792.02, Kings, NY,79688.0
36047079400,794.0, Kings, NY,
36047079601,796.01, Kings, NY,90820.0
36047079602,796.02, Kings, NY,67383.0
36047079801,798.01, Kings, NY,109800.0
36047079802,798.02, Kings, NY,113347.0
36047080000,800.0, Kings, NY,104130.0
36047080200,802.0, Kings, NY,96622.0
36047080400,804.0, Kings, NY,81797.0
36047080600,806.0, Kings, NY,61987.0
36047080800,808.0, Kings, NY,
36047081000,810.0, Kings, NY,62240.0
36047081400,814.0, Kings, NY,96298.0
36047081600,816.0, Kings, NY,67422.0
36047081800,818.0, Kings, NY,64191.0
36047082000,820.0, Kings, NY,44985.0
36047082200,822.0, Kings, NY,75825.0
36047082400,824.0, Kings, NY,62381.0
36047082600,826.0, Kings, NY,67102.0
36047082800,828.0, Kings, NY,74545.0
36047083000,830.0, Kings, NY,82560.0
36047083200,832.0, Kings, NY,85718.0
36047083400,834.0, Kings, NY,84063.0
36047083600,836.0, Kings, NY,87112.0
36047083800,838.0, Kings, NY,106184.0
36047084000,840.0, Kings, NY,100208.0
36047084600,846.0, Kings, NY,67740.0
36047084800,848.0, Kings, NY,101645.0
36047085000,850.0, Kings, NY,91932.0
36047085200,852.0, Kings, NY,
36047085400,854.0, Kings, NY,69556.0
36047085600,856.0, Kings, NY,72109.0
36047085800,858.0, Kings, NY,68750.0
36047086000,860.0, Kings, NY,80655.0
36047086200,862.0, Kings, NY,58039.0
36047086400,864.0, Kings, NY,71792.0
36047086600,866.0, Kings, NY,71250.0
36047086800,868.0, Kings, NY,57857.0
36047087000,870.0, Kings, NY,72841.0
36047087200,872.0, Kings, NY,71694.0
36047087401,874.01, Kings, NY,51447.0
36047087600,876.0, Kings, NY,52188.0
36047087800,878.0, Kings, NY,63390.0
36047088001,880.01, Kings, NY,79531.0
36047088002,880.02, Kings, NY,100982.0
36047088200,882.0, Kings, NY,60851.0
36047088400,884.0, Kings, NY,
36047088600,886.0, Kings, NY,39444.0
36047088800,888.0, Kings, NY,54107.0
36047089000,890.0, Kings, NY,64556.0
36047089200,892.0, Kings, NY,
36047089400,894.0, Kings, NY,56271.0
36047089600,896.0, Kings, NY,27384.0
36047089800,898.0, Kings, NY,57353.0
36047090000,900.0, Kings, NY,45667.0
36047090200,902.0, Kings, NY,58203.0
36047090600,906.0, Kings, NY,31738.0
36047090800,908.0, Kings, NY,28361.0
36047091000,910.0, Kings, NY,30161.0
36047091200,912.0, Kings, NY,47143.0
36047091600,916.0, Kings, NY,43616.0
36047091800,918.0, Kings, NY,69519.0
36047092000,920.0, Kings, NY,40186.0
36047092200,922.0, Kings, NY,56477.0
36047092400,924.0, Kings, NY,47910.0
36047092800,928.0, Kings, NY,130278.0
36047093000,930.0, Kings, NY,100147.0
36047093200,932.0, Kings, NY,49500.0
36047093400,934.0, Kings, NY,96667.0
36047093600,936.0, Kings, NY,73611.0
36047093800,938.0, Kings, NY,93269.0
36047094401,944.01, Kings, NY,110065.0
36047094402,944.02, Kings, NY,31439.0
36047094600,946.0, Kings, NY,114500.0
36047095000,950.0, Kings, NY,94271.0
36047095400,954.0, Kings, NY,108201.0
36047095600,956.0, Kings, NY,83534.0
36047095800,958.0, Kings, NY,87875.0
36047096000,960.0, Kings, NY,
36047096200,962.0, Kings, NY,66250.0
36047096400,964.0, Kings, NY,87321.0
36047096600,966.0, Kings, NY,75353.0
36047096800,968.0, Kings, NY,91193.0
36047097000,970.0, Kings, NY,86528.0
36047097400,974.0, Kings, NY,86538.0
36047098200,982.0, Kings, NY,23438.0
36047098400,984.0, Kings, NY,103438.0
36047098600,986.0, Kings, NY,88278.0
36047098800,988.0, Kings, NY,89873.0
36047099000,990.0, Kings, NY,88403.0
36047099200,992.0, Kings, NY,97839.0
36047099400,994.0, Kings, NY,100971.0
36047099600,996.0, Kings, NY,66667.0
36047099800,998.0, Kings, NY,104583.0
36047100400,1004.0, Kings, NY,86522.0
36047100600,1006.0, Kings, NY,103600.0
36047100800,1008.0, Kings, NY,88315.0
36047101000,1010.0, Kings, NY,97115.0
36047101200,1012.0, Kings, NY,112813.0
36047101400,1014.0, Kings, NY,110189.0
36047101600,1016.0, Kings, NY,124605.0
36047101800,1018.0, Kings, NY,112545.0
36047102000,1020.0, Kings, NY,120964.0
36047102200,1022.0, Kings, NY,78269.0
36047102400,1024.0, Kings, NY,105833.0
36047102600,1026.0, Kings, NY,101111.0
36047102801,1028.01, Kings, NY,108190.0
36047102802,1028.02, Kings, NY,
36047103401,1034.01, Kings, NY,22125.0
36047103402,1034.02, Kings, NY,
36047105801,1058.01, Kings, NY,27565.0
36047105804,1058.04, Kings, NY,55113.0
36047107001,1070.01, Kings, NY,56844.0
36047107002,1070.02, Kings, NY,
36047107003,1070.03, Kings, NY,
36047107800,1078.0, Kings, NY,98548.0
36047109800,1098.0, Kings, NY,52886.0
36047110400,1104.0, Kings, NY,71411.0
36047110600,1106.0, Kings, NY,35365.0
36047111000,1110.0, Kings, NY,38838.0
36047111600,1116.0, Kings, NY,86711.0
36047111800,1118.0, Kings, NY,75681.0
36047112000,1120.0, Kings, NY,80893.0
36047112200,1122.0, Kings, NY,44485.0
36047112400,1124.0, Kings, NY,57120.0
36047112600,1126.0, Kings, NY,62256.0
36047112800,1128.0, Kings, NY,60208.0
36047113000,1130.0, Kings, NY,68523.0
36047113200,1132.0, Kings, NY,62617.0
36047113400,1134.0, Kings, NY,46167.0
36047114201,1142.01, Kings, NY,84531.0
36047114202,1142.02, Kings, NY,67500.0
36047114400,1144.0, Kings, NY,72906.0
36047114600,1146.0, Kings, NY,54779.0
36047115000,1150.0, Kings, NY,70926.0
36047115200,1152.0, Kings, NY,62246.0
36047115600,1156.0, Kings, NY,45195.0
36047115800,1158.0, Kings, NY,64063.0
36047116000,1160.0, Kings, NY,44722.0
36047116200,1162.0, Kings, NY,90045.0
36047116400,1164.0, Kings, NY,62339.0
36047116600,1166.0, Kings, NY,58393.0
36047116800,1168.0, Kings, NY,62284.0
36047117000,1170.0, Kings, NY,
36047117201,1172.01, Kings, NY,80714.0
36047117202,1172.02, Kings, NY,65824.0
36047117400,1174.0, Kings, NY,65595.0
36047117601,1176.01, Kings, NY,70664.0
36047117602,1176.02, Kings, NY,54657.0
36047117800,1178.0, Kings, NY,50863.0
36047118000,1180.0, Kings, NY,
36047118201,1182.01, Kings, NY,77961.0
36047118202,1182.02, Kings, NY,59886.0
36047118400,1184.0, Kings, NY,66743.0
36047118600,1186.0, Kings, NY,89135.0
36047118800,1188.0, Kings, NY,66531.0
36047119000,1190.0, Kings, NY,42411.0
36047119200,1192.0, Kings, NY,86506.0
36047119400,1194.0, Kings, NY,53200.0
36047119600,1196.0, Kings, NY,48563.0
36047119800,1198.0, Kings, NY,37341.0
36047120000,1200.0, Kings, NY,59432.0
36047120200,1202.0, Kings, NY,80928.0
36047120801,1208.01, Kings, NY,116456.0
36047120802,1208.02, Kings, NY,30341.0
36047120803,1208.03, Kings, NY,29264.0
36047121000,1210.0, Kings, NY,24474.0
36047121400,1214.0, Kings, NY,23373.0
36047122000,1220.0, Kings, NY,48954.0
36047123700,1237.0, Kings, NY,44091.0
36047150200,1502.0, Kings, NY,158214.0
36047152200,1522.0, Kings, NY,250001.0
36047990100,9901.0, Kings, NY,
36061000100,1.0, New York, NY,
36061000201,2.01, New York, NY,31250.0
36061000202,2.02, New York, NY,51844.0
36061000500,5.0, New York, NY,
36061000600,6.0, New York, NY,33585.0
36061000700,7.0, New York, NY,250001.0
36061000800,8.0, New York, NY,29301.0
36061000900,9.0, New York, NY,250001.0
36061001001,10.01, New York, NY,140833.0
36061001002,10.02, New York, NY,26610.0
36061001200,12.0, New York, NY,103250.0
36061001300,13.0, New York, NY,219543.0
36061001401,14.01, New York, NY,119750.0
36061001402,14.02, New York, NY,
36061001501,15.01, New York, NY,156250.0
36061001502,15.02, New York, NY,193646.0
36061001600,16.0, New York, NY,29807.0
36061001800,18.0, New York, NY,67474.0
36061002000,20.0, New York, NY,29400.0
36061002100,21.0, New York, NY,250001.0
36061002201,22.01, New York, NY,30735.0
36061002202,22.02, New York, NY,101750.0
36061002400,24.0, New York, NY,22409.0
36061002500,25.0, New York, NY,27188.0
36061002601,26.01, New York, NY,44567.0
36061002602,26.02, New York, NY,66857.0
36061002700,27.0, New York, NY,138020.0
36061002800,28.0, New York, NY,
36061002901,29.01, New York, NY,
36061002902,29.02, New York, NY,38333.0
36061003001,30.01, New York, NY,
36061003002,30.02, New York, NY,71083.0
36061003100,31.0, New York, NY,250001.0
36061003200,32.0, New York, NY,121964.0
36061003300,33.0, New York, NY,250001.0
36061003400,34.0, New York, NY,
36061003601,36.01, New York, NY,45313.0
36061003602,36.02, New York, NY,
36061003700,37.0, New York, NY,250001.0
36061003800,38.0, New York, NY,
36061003900,39.0, New York, NY,250001.0
36061004001,40.01, New York, NY,156497.0
36061004002,40.02, New York, NY,250001.0
36061004100,41.0, New York, NY,96494.0
36061004200,42.0, New York, NY,250001.0
36061004300,43.0, New York, NY,143359.0
36061004400,44.0, New York, NY,200889.0
36061004500,45.0, New York, NY,168000.0
36061004700,47.0, New York, NY,173555.0
36061004800,48.0, New York, NY,169188.0
36061004900,49.0, New York, NY,157794.0
36061005000,50.0, New York, NY,250001.0
36061005200,52.0, New York, NY,224205.0
36061005400,54.0, New York, NY,250001.0
36061005501,55.01, New York, NY,216446.0
36061005502,55.02, New York, NY,238438.0
36061005600,56.0, New York, NY,250001.0
36061005700,57.0, New York, NY,250001.0
36061005800,58.0, New York, NY,250001.0
36061005900,59.0, New York, NY,238958.0
36061006000,60.0, New York, NY,250001.0
36061006100,61.0, New York, NY,250001.0
36061006200,62.0, New York, NY,115625.0
36061006300,63.0, New York, NY,250001.0
36061006400,64.0, New York, NY,250001.0
36061006500,65.0, New York, NY,250001.0
36061006600,66.0, New York, NY,
36061006700,67.0, New York, NY,154236.0
36061006800,68.0, New York, NY,237007.0
36061006900,69.0, New York, NY,250001.0
36061007001,70.01, New York, NY,240833.0
36061007002,70.02, New York, NY,180667.0
36061007100,71.0, New York, NY,250001.0
36061007200,72.0, New York, NY,250001.0
36061007300,73.0, New York, NY,250001.0
36061007400,74.0, New York, NY,250001.0
36061007500,75.0, New York, NY,137472.0
36061007600,76.0, New York, NY,144688.0
36061007700,77.0, New York, NY,208917.0
36061007800,78.0, New York, NY,210853.0
36061007900,79.0, New York, NY,250001.0
36061008000,80.0, New York, NY,203561.0
36061008100,81.0, New York, NY,190734.0
36061008200,82.0, New York, NY,232398.0
36061008300,83.0, New York, NY,42744.0
36061008400,84.0, New York, NY,250001.0
36061008601,86.01, New York, NY,240673.0
36061008602,86.02, New York, NY,
36061008603,86.03, New York, NY,250001.0
36061008700,87.0, New York, NY,250001.0
36061008800,88.0, New York, NY,189882.0
36061008900,89.0, New York, NY,176645.0
36061009000,90.0, New York, NY,250001.0
36061009100,91.0, New York, NY,250001.0
36061009200,92.0, New York, NY,194375.0
36061009300,93.0, New York, NY,141009.0
36061009400,94.0, New York, NY,
36061009500,95.0, New York, NY,250001.0
36061009600,96.0, New York, NY,99135.0
36061009700,97.0, New York, NY,97174.0
36061009800,98.0, New York, NY,
36061009901,99.01, New York, NY,250001.0
36061009902,99.02, New York, NY,193043.0
36061009903,99.03, New York, NY,235500.0
36061010000,100.0, New York, NY,250001.0
36061010100,101.0, New York, NY,140156.0
36061010200,102.0, New York, NY,
36061010300,103.0, New York, NY,120060.0
36061010400,104.0, New York, NY,186250.0
36061010601,106.01, New York, NY,250001.0
36061010602,106.02, New York, NY,193250.0
36061010801,108.01, New York, NY,230417.0
36061010802,108.02, New York, NY,162143.0
36061010803,108.03, New York, NY,250001.0
36061010900,109.0, New York, NY,178875.0
36061011000,110.0, New York, NY,226087.0
36061011100,111.0, New York, NY,189833.0
36061011201,112.01, New York, NY,250001.0
36061011202,112.02, New York, NY,250001.0
36061011203,112.03, New York, NY,250001.0
36061011300,113.0, New York, NY,
36061011401,114.01, New York, NY,250001.0
36061011402,114.02, New York, NY,250001.0
36061011500,115.0, New York, NY,181250.0
36061011600,116.0, New York, NY,144063.0
36061011700,117.0, New York, NY,179375.0
36061011800,118.0, New York, NY,250001.0
36061011900,119.0, New York, NY,
36061012000,120.0, New York, NY,250001.0
36061012101,121.01, New York, NY,91979.0
36061012102,121.02, New York, NY,46346.0
36061012200,122.0, New York, NY,250001.0
36061012400,124.0, New York, NY,183043.0
36061012500,125.0, New York, NY,250001.0
36061012601,126.01, New York, NY,242282.0
36061012602,126.02, New York, NY,188787.0
36061012700,127.0, New York, NY,153750.0
36061012800,128.0, New York, NY,230750.0
36061012901,129.01, New York, NY,208167.0
36061012902,129.02, New York, NY,
36061013000,130.0, New York, NY,250001.0
36061013100,131.0, New York, NY,157583.0
36061013201,132.01, New York, NY,78942.0
36061013202,132.02, New York, NY,
36061013203,132.03, New York, NY,
36061013300,133.0, New York, NY,210404.0
36061013400,134.0, New York, NY,250001.0
36061013501,135.01, New York, NY,
36061013502,135.02, New York, NY,
36061013601,136.01, New York, NY,227235.0
36061013602,136.02, New York, NY,250001.0
36061013603,136.03, New York, NY,241444.0
36061013604,136.04, New York, NY,211354.0
36061013700,137.0, New York, NY,250001.0
36061013800,138.0, New York, NY,248924.0
36061013900,139.0, New York, NY,144456.0
36061014000,140.0, New York, NY,250001.0
36061014200,142.0, New York, NY,250001.0
36061014300,143.0, New York, NY,
36061014401,144.01, New York, NY,250001.0
36061014402,144.02, New York, NY,200313.0
36061014500,145.0, New York, NY,216429.0
36061014601,146.01, New York, NY,250001.0
36061014602,146.02, New York, NY,207014.0
36061014700,147.0, New York, NY,250001.0
36061014801,148.01, New York, NY,250001.0
36061014802,148.02, New York, NY,205588.0
36061014900,149.0, New York, NY,178992.0
36061015001,150.01, New York, NY,250001.0
36061015002,150.02, New York, NY,250001.0
36061015101,151.01, New York, NY,35724.0
36061015102,151.02, New York, NY,181122.0
36061015200,152.0, New York, NY,131959.0
36061015301,153.01, New York, NY,250001.0
36061015302,153.02, New York, NY,241911.0
36061015401,154.01, New York, NY,214821.0
36061015402,154.02, New York, NY,
36061015403,154.03, New York, NY,133940.0
36061015501,155.01, New York, NY,250001.0
36061015502,155.02, New York, NY,180709.0
36061015601,156.01, New York, NY,157604.0
36061015602,156.02, New York, NY,96371.0
36061015700,157.0, New York, NY,250001.0
36061015801,158.01, New York, NY,250001.0
36061015802,158.02, New York, NY,164000.0
36061015900,159.0, New York, NY,215568.0
36061016001,160.01, New York, NY,250001.0
36061016002,160.02, New York, NY,128000.0
36061016100,161.0, New York, NY,250001.0
36061016200,162.0, New York, NY,
36061016300,163.0, New York, NY,194942.0
36061016400,164.0, New York, NY,30891.0
36061016500,165.0, New York, NY,250001.0
36061016600,166.0, New York, NY,48875.0
36061016700,167.0, New York, NY,250001.0
36061016800,168.0, New York, NY,42730.0
36061016900,169.0, New York, NY,250001.0
36061017000,170.0, New York, NY,63407.0
36061017100,171.0, New York, NY,206418.0
36061017200,172.0, New York, NY,42358.0
36061017300,173.0, New York, NY,219504.0
36061017401,174.01, New York, NY,39984.0
36061017402,174.02, New York, NY,51083.0
36061017500,175.0, New York, NY,250001.0
36061017700,177.0, New York, NY,131536.0
36061017800,178.0, New York, NY,46198.0
36061017900,179.0, New York, NY,250001.0
36061018000,180.0, New York, NY,36113.0
36061018100,181.0, New York, NY,176625.0
36061018200,182.0, New York, NY,40613.0
36061018300,183.0, New York, NY,233955.0
36061018400,184.0, New York, NY,39117.0
36061018500,185.0, New York, NY,188861.0
36061018600,186.0, New York, NY,39457.0
36061018700,187.0, New York, NY,227489.0
36061018800,188.0, New York, NY,33516.0
36061018900,189.0, New York, NY,34707.0
36061019000,190.0, New York, NY,98313.0
36061019100,191.0, New York, NY,220767.0
36061019200,192.0, New York, NY,22288.0
36061019300,193.0, New York, NY,90858.0
36061019400,194.0, New York, NY,49136.0
36061019500,195.0, New York, NY,157569.0
36061019600,196.0, New York, NY,40375.0
36061019701,197.01, New York, NY,53167.0
36061019702,197.02, New York, NY,157571.0
36061019800,198.0, New York, NY,134615.0
36061019900,199.0, New York, NY,158571.0
36061020000,200.0, New York, NY,89879.0
36061020101,201.01, New York, NY,213750.0
36061020102,201.02, New York, NY,90909.0
36061020300,203.0, New York, NY,91250.0
36061020500,205.0, New York, NY,233365.0
36061020600,206.0, New York, NY,87426.0
36061020701,207.01, New York, NY,152667.0
36061020800,208.0, New York, NY,119347.0
36061020901,209.01, New York, NY,38169.0
36061021000,210.0, New York, NY,48875.0
36061021100,211.0, New York, NY,68650.0
36061021200,212.0, New York, NY,122537.0
36061021303,213.03, New York, NY,57063.0
36061021400,214.0, New York, NY,63393.0
36061021500,215.0, New York, NY,48243.0
36061021600,216.0, New York, NY,58413.0
36061021703,217.03, New York, NY,
36061021800,218.0, New York, NY,59583.0
36061021900,219.0, New York, NY,23377.0
36061022000,220.0, New York, NY,114881.0
36061022102,221.02, New York, NY,136089.0
36061022200,222.0, New York, NY,85809.0
36061022301,223.01, New York, NY,44922.0
36061022302,223.02, New York, NY,46094.0
36061022400,224.0, New York, NY,42833.0
36061022500,225.0, New York, NY,71378.0
36061022600,226.0, New York, NY,70950.0
36061022700,227.0, New York, NY,76107.0
36061022800,228.0, New York, NY,96706.0
36061022900,229.0, New York, NY,40772.0
36061023000,230.0, New York, NY,51383.0
36061023100,231.0, New York, NY,54333.0
36061023200,232.0, New York, NY,38739.0
36061023300,233.0, New York, NY,79296.0
36061023400,234.0, New York, NY,39679.0
36061023501,235.01, New York, NY,71957.0
36061023502,235.02, New York, NY,52768.0
36061023600,236.0, New York, NY,48974.0
36061023700,237.0, New York, NY,44808.0
36061023802,238.02, New York, NY,96116.0
36061023803,238.03, New York, NY,214728.0
36061023804,238.04, New York, NY,203889.0
36061023900,239.0, New York, NY,42596.0
36061024000,240.0, New York, NY,
36061024100,241.0, New York, NY,59069.0
36061024200,242.0, New York, NY,45466.0
36061024301,243.01, New York, NY,70357.0
36061024302,243.02, New York, NY,29276.0
36061024500,245.0, New York, NY,47224.0
36061024700,247.0, New York, NY,96500.0
36061024900,249.0, New York, NY,81750.0
36061025100,251.0, New York, NY,56250.0
36061025300,253.0, New York, NY,56473.0
36061025500,255.0, New York, NY,83125.0
36061025700,257.0, New York, NY,101756.0
36061025900,259.0, New York, NY,72487.0
36061026100,261.0, New York, NY,57511.0
36061026300,263.0, New York, NY,65568.0
36061026500,265.0, New York, NY,111468.0
36061026700,267.0, New York, NY,58088.0
36061026900,269.0, New York, NY,65263.0
36061027100,271.0, New York, NY,83274.0
36061027300,273.0, New York, NY,125938.0
36061027500,275.0, New York, NY,250001.0
36061027700,277.0, New York, NY,34957.0
36061027900,279.0, New York, NY,55893.0
36061028100,281.0, New York, NY,164861.0
36061028300,283.0, New York, NY,73804.0
36061028500,285.0, New York, NY,56071.0
36061028700,287.0, New York, NY,82135.0
36061029100,291.0, New York, NY,65289.0
36061029300,293.0, New York, NY,58250.0
36061029500,295.0, New York, NY,106620.0
36061029700,297.0, New York, NY,
36061029900,299.0, New York, NY,41850.0
36061030300,303.0, New York, NY,85469.0
36061030700,307.0, New York, NY,138185.0
36061030900,309.0, New York, NY,44785.0
36061031100,311.0, New York, NY,
36061031703,317.03, New York, NY,250001.0
36061031704,317.04, New York, NY,242738.0
36061031900,319.0, New York, NY,
36081000101,1.01, Queens, NY,133179.0
36081000102,1.02, Queens, NY,234303.0
36081000103,1.03, Queens, NY,
36081000104,1.04, Queens, NY,
36081000200,2.0, Queens, NY,54954.0
36081000400,4.0, Queens, NY,71786.0
36081000600,6.0, Queens, NY,67614.0
36081000701,7.01, Queens, NY,175521.0
36081000702,7.02, Queens, NY,102303.0
36081000800,8.0, Queens, NY,92768.0
36081001000,10.0, Queens, NY,94063.0
36081001200,12.0, Queens, NY,78792.0
36081001400,14.0, Queens, NY,76955.0
36081001600,16.0, Queens, NY,86750.0
36081001800,18.0, Queens, NY,102292.0
36081001901,19.01, Queens, NY,224563.0
36081001902,19.02, Queens, NY,193750.0
36081001903,19.03, Queens, NY,220189.0
36081002000,20.0, Queens, NY,80455.0
36081002200,22.0, Queens, NY,67262.0
36081002400,24.0, Queens, NY,47283.0
36081002500,25.0, Queens, NY,34185.0
36081002600,26.0, Queens, NY,116653.0
36081002800,28.0, Queens, NY,76948.0
36081003000,30.0, Queens, NY,
36081003100,31.0, Queens, NY,135294.0
36081003200,32.0, Queens, NY,106058.0
36081003301,33.01, Queens, NY,144263.0
36081003302,33.02, Queens, NY,49412.0
36081003400,34.0, Queens, NY,79940.0
36081003600,36.0, Queens, NY,74922.0
36081003700,37.0, Queens, NY,
36081003800,38.0, Queens, NY,96500.0
36081003900,39.0, Queens, NY,49216.0
36081004001,40.01, Queens, NY,91442.0
36081004002,40.02, Queens, NY,41771.0
36081004200,42.0, Queens, NY,74917.0
36081004300,43.0, Queens, NY,38212.0
36081004401,44.01, Queens, NY,60278.0
36081004500,45.0, Queens, NY,133472.0
36081004700,47.0, Queens, NY,50473.0
36081005000,50.0, Queens, NY,
36081005100,51.0, Queens, NY,61111.0
36081005200,52.0, Queens, NY,69167.0
36081005300,53.0, Queens, NY,115096.0
36081005400,54.0, Queens, NY,78188.0
36081005500,55.0, Queens, NY,88553.0
36081005700,57.0, Queens, NY,67639.0
36081005800,58.0, Queens, NY,92941.0
36081005900,59.0, Queens, NY,62344.0
36081006100,61.0, Queens, NY,101107.0
36081006201,62.01, Queens, NY,73021.0
36081006202,62.02, Queens, NY,66937.0
36081006300,63.0, Queens, NY,118571.0
36081006501,65.01, Queens, NY,125938.0
36081006502,65.02, Queens, NY,84272.0
36081006900,69.0, Queens, NY,137273.0
36081007100,71.0, Queens, NY,92679.0
36081007300,73.0, Queens, NY,138091.0
36081007500,75.0, Queens, NY,144184.0
36081007700,77.0, Queens, NY,83846.0
36081007900,79.0, Queens, NY,125833.0
36081008100,81.0, Queens, NY,73958.0
36081008300,83.0, Queens, NY,86705.0
36081008500,85.0, Queens, NY,105083.0
36081008600,86.0, Queens, NY,99635.0
36081008700,87.0, Queens, NY,26466.0
36081008800,88.0, Queens, NY,105435.0
36081009100,91.0, Queens, NY,121806.0
36081009400,94.0, Queens, NY,85880.0
36081009500,95.0, Queens, NY,98875.0
36081009600,96.0, Queens, NY,98958.0
36081009700,97.0, Queens, NY,129258.0
36081009800,98.0, Queens, NY,88125.0
36081009900,99.0, Queens, NY,
36081010000,100.0, Queens, NY,122604.0
36081010100,101.0, Queens, NY,100156.0
36081010200,102.0, Queens, NY,90638.0
36081010300,103.0, Queens, NY,68566.0
36081010400,104.0, Queens, NY,78864.0
36081010500,105.0, Queens, NY,60966.0
36081010600,106.0, Queens, NY,102398.0
36081010701,107.01, Queens, NY,
36081010800,108.0, Queens, NY,92773.0
36081011000,110.0, Queens, NY,87417.0
36081011100,111.0, Queens, NY,109167.0
36081011200,112.0, Queens, NY,68837.0
36081011300,113.0, Queens, NY,116094.0
36081011400,114.0, Queens, NY,76620.0
36081011500,115.0, Queens, NY,126818.0
36081011600,116.0, Queens, NY,83359.0
36081011700,117.0, Queens, NY,99688.0
36081011800,118.0, Queens, NY,74674.0
36081011900,119.0, Queens, NY,87740.0
36081012000,120.0, Queens, NY,71705.0
36081012100,121.0, Queens, NY,128036.0
36081012200,122.0, Queens, NY,88051.0
36081012301,123.01, Queens, NY,155625.0
36081012400,124.0, Queens, NY,77870.0
36081012500,125.0, Queens, NY,80536.0
36081012601,126.01, Queens, NY,78750.0
36081012602,126.02, Queens, NY,67145.0
36081012800,128.0, Queens, NY,79097.0
36081013000,130.0, Queens, NY,129830.0
36081013200,132.0, Queens, NY,88929.0
36081013400,134.0, Queens, NY,111250.0
36081013500,135.0, Queens, NY,96458.0
36081013600,136.0, Queens, NY,83365.0
36081013700,137.0, Queens, NY,112045.0
36081013800,138.0, Queens, NY,82546.0
36081014000,140.0, Queens, NY,105618.0
36081014100,141.0, Queens, NY,93750.0
36081014201,142.01, Queens, NY,72543.0
36081014202,142.02, Queens, NY,91769.0
36081014300,143.0, Queens, NY,88224.0
36081014400,144.0, Queens, NY,66875.0
36081014500,145.0, Queens, NY,85987.0
36081014700,147.0, Queens, NY,98321.0
36081014800,148.0, Queens, NY,57262.0
36081014900,149.0, Queens, NY,71000.0
36081015000,150.0, Queens, NY,99545.0
36081015100,151.0, Queens, NY,70893.0
36081015200,152.0, Queens, NY,66481.0
36081015300,153.0, Queens, NY,119777.0
36081015400,154.0, Queens, NY,93984.0
36081015500,155.0, Queens, NY,85066.0
36081015600,156.0, Queens, NY,87667.0
36081015700,157.0, Queens, NY,68698.0
36081015801,158.01, Queens, NY,88300.0
36081015802,158.02, Queens, NY,101518.0
36081015900,159.0, Queens, NY,77885.0
36081016100,161.0, Queens, NY,103382.0
36081016300,163.0, Queens, NY,53750.0
36081016400,164.0, Queens, NY,101339.0
36081016600,166.0, Queens, NY,61795.0
36081016800,168.0, Queens, NY,94750.0
36081016900,169.0, Queens, NY,95404.0
36081017000,170.0, Queens, NY,90156.0
36081017101,171.01, Queens, NY,
36081017102,171.02, Queens, NY,
36081017200,172.0, Queens, NY,81696.0
36081017400,174.0, Queens, NY,93478.0
36081017600,176.0, Queens, NY,58750.0
36081017800,178.0, Queens, NY,70046.0
36081017901,179.01, Queens, NY,81111.0
36081017902,179.02, Queens, NY,
36081018000,180.0, Queens, NY,81691.0
36081018101,181.01, Queens, NY,76356.0
36081018102,181.02, Queens, NY,103419.0
36081018200,182.0, Queens, NY,70139.0
36081018300,183.0, Queens, NY,93019.0
36081018401,184.01, Queens, NY,54028.0
36081018402,184.02, Queens, NY,84907.0
36081018501,185.01, Queens, NY,83472.0
36081018502,185.02, Queens, NY,115750.0
36081018600,186.0, Queens, NY,73250.0
36081018700,187.0, Queens, NY,71908.0
36081018800,188.0, Queens, NY,105903.0
36081018900,189.0, Queens, NY,85288.0
36081019000,190.0, Queens, NY,86827.0
36081019200,192.0, Queens, NY,70625.0
36081019400,194.0, Queens, NY,90430.0
36081019600,196.0, Queens, NY,69531.0
36081019800,198.0, Queens, NY,92452.0
36081019901,199.01, Queens, NY,
36081019902,199.02, Queens, NY,
36081019903,199.03, Queens, NY,
36081020200,202.0, Queens, NY,93583.0
36081020400,204.0, Queens, NY,79423.0
36081020500,205.0, Queens, NY,65236.0
36081020600,206.0, Queens, NY,84722.0
36081020800,208.0, Queens, NY,77292.0
36081021200,212.0, Queens, NY,62200.0
36081021400,214.0, Queens, NY,63611.0
36081021601,216.01, Queens, NY,140125.0
36081021602,216.02, Queens, NY,71490.0
36081021603,216.03, Queens, NY,
36081021900,219.0, Queens, NY,
36081022001,220.01, Queens, NY,81402.0
36081022002,220.02, Queens, NY,118491.0
36081022900,229.0, Queens, NY,
36081023000,230.0, Queens, NY,101544.0
36081023200,232.0, Queens, NY,101587.0
36081023501,235.01, Queens, NY,75699.0
36081023502,235.02, Queens, NY,49651.0
36081023600,236.0, Queens, NY,65729.0
36081023800,238.0, Queens, NY,51391.0
36081024000,240.0, Queens, NY,55686.0
36081024300,243.0, Queens, NY,71549.0
36081024500,245.0, Queens, NY,80430.0
36081024600,246.0, Queens, NY,
36081024700,247.0, Queens, NY,83542.0
36081024900,249.0, Queens, NY,61681.0
36081025100,251.0, Queens, NY,95904.0
36081025301,253.01, Queens, NY,65977.0
36081025302,253.02, Queens, NY,85469.0
36081025401,254.01, Queens, NY,91875.0
36081025402,254.02, Queens, NY,41375.0
36081025500,255.0, Queens, NY,88899.0
36081025700,257.0, Queens, NY,76573.0
36081025800,258.0, Queens, NY,90592.0
36081025900,259.0, Queens, NY,66454.0
36081026000,260.0, Queens, NY,79408.0
36081026100,261.0, Queens, NY,68372.0
36081026200,262.0, Queens, NY,78472.0
36081026300,263.0, Queens, NY,118164.0
36081026400,264.0, Queens, NY,107917.0
36081026501,265.01, Queens, NY,57830.0
36081026502,265.02, Queens, NY,97652.0
36081026600,266.0, Queens, NY,73224.0
36081026700,267.0, Queens, NY,55181.0
36081026901,269.01, Queens, NY,69435.0
36081026902,269.02, Queens, NY,51455.0
36081027000,270.0, Queens, NY,101200.0
36081027101,271.01, Queens, NY,65057.0
36081027102,271.02, Queens, NY,81065.0
36081027200,272.0, Queens, NY,83309.0
36081027301,273.01, Queens, NY,48393.0
36081027302,273.02, Queens, NY,45654.0
36081027400,274.0, Queens, NY,59273.0
36081027500,275.0, Queens, NY,49961.0
36081027600,276.0, Queens, NY,97019.0
36081027701,277.01, Queens, NY,81683.0
36081027702,277.02, Queens, NY,90820.0
36081027800,278.0, Queens, NY,54821.0
36081027900,279.0, Queens, NY,75185.0
36081028000,280.0, Queens, NY,76172.0
36081028100,281.0, Queens, NY,66354.0
36081028200,282.0, Queens, NY,70625.0
36081028300,283.0, Queens, NY,71892.0
36081028400,284.0, Queens, NY,98422.0
36081028500,285.0, Queens, NY,94769.0
36081028700,287.0, Queens, NY,72689.0
36081028801,288.01, Queens, NY,125417.0
36081028802,288.02, Queens, NY,91667.0
36081028803,288.03, Queens, NY,
36081028900,289.0, Queens, NY,93450.0
36081029100,291.0, Queens, NY,58374.0
36081029300,293.0, Queens, NY,68333.0
36081029400,294.0, Queens, NY,97609.0
36081029500,295.0, Queens, NY,77750.0
36081029700,297.0, Queens, NY,79904.0
36081029900,299.0, Queens, NY,
36081030600,306.0, Queens, NY,103264.0
36081030903,309.03, Queens, NY,88884.0
36081030904,309.04, Queens, NY,72353.0
36081030905,309.05, Queens, NY,93806.0
36081030906,309.06, Queens, NY,74321.0
36081031700,317.0, Queens, NY,92969.0
36081032000,320.0, Queens, NY,84271.0
36081032700,327.0, Queens, NY,65227.0
36081032800,328.0, Queens, NY,79507.0
36081032900,329.0, Queens, NY,76250.0
36081033000,330.0, Queens, NY,91183.0
36081033100,331.0, Queens, NY,
36081033401,334.01, Queens, NY,92188.0
36081033403,334.03, Queens, NY,49095.0
36081033404,334.04, Queens, NY,40984.0
36081033405,334.05, Queens, NY,108109.0
36081033700,337.0, Queens, NY,108281.0
36081033900,339.0, Queens, NY,57265.0
36081034700,347.0, Queens, NY,62000.0
36081035100,351.0, Queens, NY,67371.0
36081035200,352.0, Queens, NY,106000.0
36081035300,353.0, Queens, NY,76641.0
36081035700,357.0, Queens, NY,94773.0
36081035800,358.0, Queens, NY,111184.0
36081036100,361.0, Queens, NY,78409.0
36081036300,363.0, Queens, NY,79000.0
36081036500,365.0, Queens, NY,64167.0
36081036600,366.0, Queens, NY,100100.0
36081036700,367.0, Queens, NY,48191.0
36081036800,368.0, Queens, NY,108798.0
36081037100,371.0, Queens, NY,92656.0
36081037300,373.0, Queens, NY,83250.0
36081037501,375.01, Queens, NY,57826.0
36081037502,375.02, Queens, NY,61109.0
36081037600,376.0, Queens, NY,112230.0
36081037700,377.0, Queens, NY,73529.0
36081037900,379.0, Queens, NY,56814.0
36081038100,381.0, Queens, NY,63304.0
36081038301,383.01, Queens, NY,
36081038302,383.02, Queens, NY,
36081038400,384.0, Queens, NY,90000.0
36081039400,394.0, Queens, NY,96422.0
36081039800,398.0, Queens, NY,121389.0
36081039901,399.01, Queens, NY,87276.0
36081039902,399.02, Queens, NY,50724.0
36081040000,400.0, Queens, NY,112847.0
36081040101,401.01, Queens, NY,52704.0
36081040102,401.02, Queens, NY,67350.0
36081040200,402.0, Queens, NY,121833.0
36081040301,403.01, Queens, NY,31541.0
36081040302,403.02, Queens, NY,67386.0
36081040400,404.0, Queens, NY,96985.0
36081040501,405.01, Queens, NY,43012.0
36081040502,405.02, Queens, NY,55682.0
36081040701,407.01, Queens, NY,48893.0
36081040702,407.02, Queens, NY,57872.0
36081040901,409.01, Queens, NY,
36081040902,409.02, Queens, NY,56569.0
36081041100,411.0, Queens, NY,62700.0
36081041300,413.0, Queens, NY,47207.0
36081041400,414.0, Queens, NY,82275.0
36081041500,415.0, Queens, NY,57138.0
36081042400,424.0, Queens, NY,100179.0
36081042600,426.0, Queens, NY,
36081042700,427.0, Queens, NY,39877.0
36081043200,432.0, Queens, NY,94500.0
36081043400,434.0, Queens, NY,121020.0
36081043701,437.01, Queens, NY,59750.0
36081043702,437.02, Queens, NY,52274.0
36081043900,439.0, Queens, NY,54023.0
36081044000,440.0, Queens, NY,62250.0
36081044301,443.01, Queens, NY,51944.0
36081044302,443.02, Queens, NY,84938.0
36081044400,444.0, Queens, NY,67841.0
36081044601,446.01, Queens, NY,59867.0
36081044602,446.02, Queens, NY,43879.0
36081044800,448.0, Queens, NY,57448.0
36081045000,450.0, Queens, NY,162646.0
36081045200,452.0, Queens, NY,79792.0
36081045400,454.0, Queens, NY,54073.0
36081045500,455.0, Queens, NY,65365.0
36081045600,456.0, Queens, NY,78313.0
36081045700,457.0, Queens, NY,63500.0
36081045800,458.0, Queens, NY,96250.0
36081045900,459.0, Queens, NY,87917.0
36081046000,460.0, Queens, NY,57698.0
36081046100,461.0, Queens, NY,61667.0
36081046200,462.0, Queens, NY,60553.0
36081046300,463.0, Queens, NY,49872.0
36081046400,464.0, Queens, NY,101048.0
36081046500,465.0, Queens, NY,70956.0
36081046600,466.0, Queens, NY,66667.0
36081046700,467.0, Queens, NY,60490.0
36081046800,468.0, Queens, NY,77500.0
36081046901,469.01, Queens, NY,67786.0
36081046902,469.02, Queens, NY,69735.0
36081047000,470.0, Queens, NY,49965.0
36081047100,471.0, Queens, NY,43973.0
36081047200,472.0, Queens, NY,110434.0
36081047300,473.0, Queens, NY,74083.0
36081047500,475.0, Queens, NY,74786.0
36081047600,476.0, Queens, NY,133750.0
36081047801,478.01, Queens, NY,
36081047802,478.02, Queens, NY,115072.0
36081047900,479.0, Queens, NY,66526.0
36081048000,480.0, Queens, NY,91034.0
36081048100,481.0, Queens, NY,62956.0
36081048200,482.0, Queens, NY,75688.0
36081048301,483.01, Queens, NY,54357.0
36081048302,483.02, Queens, NY,64266.0
36081048400,484.0, Queens, NY,97766.0
36081048500,485.0, Queens, NY,69799.0
36081048900,489.0, Queens, NY,66912.0
36081049201,492.01, Queens, NY,82424.0
36081049202,492.02, Queens, NY,119922.0
36081049301,493.01, Queens, NY,93438.0
36081049302,493.02, Queens, NY,103929.0
36081049500,495.0, Queens, NY,124236.0
36081049600,496.0, Queens, NY,94459.0
36081049700,497.0, Queens, NY,88375.0
36081049900,499.0, Queens, NY,71250.0
36081050000,500.0, Queens, NY,70500.0
36081050201,502.01, Queens, NY,86453.0
36081050202,502.02, Queens, NY,76944.0
36081050400,504.0, Queens, NY,120553.0
36081050500,505.0, Queens, NY,93594.0
36081050600,506.0, Queens, NY,121776.0
36081050700,507.0, Queens, NY,125313.0
36081050800,508.0, Queens, NY,94390.0
36081051000,510.0, Queens, NY,96042.0
36081051100,511.0, Queens, NY,111300.0
36081051200,512.0, Queens, NY,98750.0
36081051300,513.0, Queens, NY,100547.0
36081051500,515.0, Queens, NY,103594.0
36081051600,516.0, Queens, NY,98393.0
36081051700,517.0, Queens, NY,114519.0
36081051800,518.0, Queens, NY,107303.0
36081052000,520.0, Queens, NY,90833.0
36081052100,521.0, Queens, NY,116563.0
36081052200,522.0, Queens, NY,98984.0
36081052400,524.0, Queens, NY,119583.0
36081052500,525.0, Queens, NY,90893.0
36081052600,526.0, Queens, NY,113147.0
36081052800,528.0, Queens, NY,97159.0
36081053000,530.0, Queens, NY,106016.0
36081053100,531.0, Queens, NY,82557.0
36081053200,532.0, Queens, NY,82135.0
36081053401,534.01, Queens, NY,122969.0
36081053501,535.01, Queens, NY,72446.0
36081053502,535.02, Queens, NY,
36081053601,536.01, Queens, NY,94833.0
36081053800,538.0, Queens, NY,102792.0
36081053901,539.01, Queens, NY,105357.0
36081053902,539.02, Queens, NY,
36081054000,540.0, Queens, NY,98262.0
36081054200,542.0, Queens, NY,94151.0
36081054500,545.0, Queens, NY,52863.0
36081054700,547.0, Queens, NY,77000.0
36081054800,548.0, Queens, NY,91458.0
36081054900,549.0, Queens, NY,66406.0
36081055100,551.0, Queens, NY,54643.0
36081055200,552.0, Queens, NY,79637.0
36081055300,553.0, Queens, NY,79375.0
36081055400,554.0, Queens, NY,88636.0
36081055500,555.0, Queens, NY,68264.0
36081055600,556.0, Queens, NY,115667.0
36081055700,557.0, Queens, NY,84769.0
36081055800,558.0, Queens, NY,125096.0
36081055900,559.0, Queens, NY,60433.0
36081056000,560.0, Queens, NY,85500.0
36081056100,561.0, Queens, NY,
36081056200,562.0, Queens, NY,108333.0
36081056400,564.0, Queens, NY,99803.0
36081056500,565.0, Queens, NY,64028.0
36081056600,566.0, Queens, NY,66875.0
36081056700,567.0, Queens, NY,100234.0
36081056800,568.0, Queens, NY,107542.0
36081057700,577.0, Queens, NY,103942.0
36081057900,579.0, Queens, NY,83036.0
36081058000,580.0, Queens, NY,109419.0
36081058100,581.0, Queens, NY,64603.0
36081058200,582.0, Queens, NY,114493.0
36081058300,583.0, Queens, NY,83587.0
36081058500,585.0, Queens, NY,65552.0
36081058700,587.0, Queens, NY,92255.0
36081058900,589.0, Queens, NY,79139.0
36081059000,590.0, Queens, NY,96328.0
36081059100,591.0, Queens, NY,76109.0
36081059200,592.0, Queens, NY,155000.0
36081059300,593.0, Queens, NY,72917.0
36081059400,594.0, Queens, NY,126855.0
36081059501,595.01, Queens, NY,83500.0
36081059502,595.02, Queens, NY,70518.0
36081059600,596.0, Queens, NY,84107.0
36081059800,598.0, Queens, NY,93769.0
36081059900,599.0, Queens, NY,67292.0
36081060000,600.0, Queens, NY,128875.0
36081060100,601.0, Queens, NY,109750.0
36081060300,603.0, Queens, NY,91691.0
36081060600,606.0, Queens, NY,113696.0
36081060701,607.01, Queens, NY,
36081060800,608.0, Queens, NY,126691.0
36081061000,610.0, Queens, NY,136719.0
36081061200,612.0, Queens, NY,126595.0
36081061301,613.01, Queens, NY,67426.0
36081061302,613.02, Queens, NY,
36081061400,614.0, Queens, NY,133409.0
36081061601,616.01, Queens, NY,121691.0
36081061602,616.02, Queens, NY,121750.0
36081061800,618.0, Queens, NY,116629.0
36081061900,619.0, Queens, NY,107536.0
36081062000,620.0, Queens, NY,104556.0
36081062100,621.0, Queens, NY,69844.0
36081062200,622.0, Queens, NY,136979.0
36081062300,623.0, Queens, NY,88500.0
36081062400,624.0, Queens, NY,
36081062500,625.0, Queens, NY,83750.0
36081062600,626.0, Queens, NY,112386.0
36081062700,627.0, Queens, NY,72813.0
36081062900,629.0, Queens, NY,86167.0
36081063000,630.0, Queens, NY,151397.0
36081063200,632.0, Queens, NY,118077.0
36081063301,633.01, Queens, NY,102344.0
36081063302,633.02, Queens, NY,137885.0
36081063500,635.0, Queens, NY,75391.0
36081063700,637.0, Queens, NY,91611.0
36081063800,638.0, Queens, NY,131667.0
36081063900,639.0, Queens, NY,76771.0
36081064101,641.01, Queens, NY,87361.0
36081064102,641.02, Queens, NY,
36081064500,645.0, Queens, NY,97222.0
36081064600,646.0, Queens, NY,112474.0
36081065000,650.0, Queens, NY,127206.0
36081065401,654.01, Queens, NY,95230.0
36081065402,654.02, Queens, NY,
36081065501,655.01, Queens, NY,
36081065600,656.0, Queens, NY,98949.0
36081065702,657.02, Queens, NY,79659.0
36081065703,657.03, Queens, NY,110469.0
36081065900,659.0, Queens, NY,131667.0
36081066000,660.0, Queens, NY,78857.0
36081066100,661.0, Queens, NY,131250.0
36081066301,663.01, Queens, NY,138250.0
36081066302,663.02, Queens, NY,
36081066401,664.01, Queens, NY,131458.0
36081066402,664.02, Queens, NY,109097.0
36081066403,664.03, Queens, NY,87692.0
36081066404,664.04, Queens, NY,
36081066501,665.01, Queens, NY,121304.0
36081066701,667.01, Queens, NY,120463.0
36081066900,669.0, Queens, NY,104792.0
36081067100,671.0, Queens, NY,138558.0
36081067700,677.0, Queens, NY,119107.0
36081067900,679.0, Queens, NY,68374.0
36081068000,680.0, Queens, NY,125346.0
36081068200,682.0, Queens, NY,93993.0
36081068300,683.0, Queens, NY,66985.0
36081068700,687.0, Queens, NY,67083.0
36081069000,690.0, Queens, NY,111793.0
36081069300,693.0, Queens, NY,89583.0
36081069400,694.0, Queens, NY,97604.0
36081069500,695.0, Queens, NY,103750.0
36081069701,697.01, Queens, NY,100738.0
36081069702,697.02, Queens, NY,110417.0
36081070300,703.0, Queens, NY,95192.0
36081070700,707.0, Queens, NY,126875.0
36081070900,709.0, Queens, NY,126111.0
36081071100,711.0, Queens, NY,119333.0
36081071303,713.03, Queens, NY,108000.0
36081071304,713.04, Queens, NY,112190.0
36081071305,713.05, Queens, NY,107595.0
36081071306,713.06, Queens, NY,108919.0
36081071600,716.0, Queens, NY,
36081071701,717.01, Queens, NY,69758.0
36081071702,717.02, Queens, NY,97188.0
36081071900,719.0, Queens, NY,68984.0
36081072100,721.0, Queens, NY,131719.0
36081072300,723.0, Queens, NY,250001.0
36081072900,729.0, Queens, NY,192917.0
36081073100,731.0, Queens, NY,160357.0
36081073700,737.0, Queens, NY,131731.0
36081073900,739.0, Queens, NY,155625.0
36081074100,741.0, Queens, NY,112143.0
36081074300,743.0, Queens, NY,83854.0
36081074500,745.0, Queens, NY,69476.0
36081074700,747.0, Queens, NY,128370.0
36081074900,749.0, Queens, NY,237750.0
36081075701,757.01, Queens, NY,133750.0
36081075702,757.02, Queens, NY,137063.0
36081076901,769.01, Queens, NY,126655.0
36081076902,769.02, Queens, NY,113750.0
36081077300,773.0, Queens, NY,122857.0
36081077500,775.0, Queens, NY,110625.0
36081077902,779.02, Queens, NY,114719.0
36081077903,779.03, Queens, NY,99000.0
36081077904,779.04, Queens, NY,114934.0
36081077905,779.05, Queens, NY,103977.0
36081077906,779.06, Queens, NY,76111.0
36081077907,779.07, Queens, NY,57348.0
36081077908,779.08, Queens, NY,56776.0
36081078800,788.0, Queens, NY,113871.0
36081079000,790.0, Queens, NY,96477.0
36081079200,792.0, Queens, NY,104760.0
36081079300,793.0, Queens, NY,
36081079701,797.01, Queens, NY,73681.0
36081079702,797.02, Queens, NY,43157.0
36081079900,799.0, Queens, NY,46528.0
36081080301,803.01, Queens, NY,50822.0
36081080302,803.02, Queens, NY,71713.0
36081080900,809.0, Queens, NY,79567.0
36081081400,814.0, Queens, NY,107778.0
36081081800,818.0, Queens, NY,89830.0
36081083700,837.0, Queens, NY,63140.0
36081083800,838.0, Queens, NY,84972.0
36081084000,840.0, Queens, NY,109750.0
36081084500,845.0, Queens, NY,65698.0
36081084601,846.01, Queens, NY,102019.0
36081084602,846.02, Queens, NY,71982.0
36081084901,849.01, Queens, NY,48309.0
36081084902,849.02, Queens, NY,47553.0
36081085300,853.0, Queens, NY,36861.0
36081085500,855.0, Queens, NY,44551.0
36081085700,857.0, Queens, NY,53912.0
36081085900,859.0, Queens, NY,69231.0
36081086100,861.0, Queens, NY,51538.0
36081086300,863.0, Queens, NY,50950.0
36081086400,864.0, Queens, NY,117422.0
36081086500,865.0, Queens, NY,49893.0
36081086900,869.0, Queens, NY,27380.0
36081087100,871.0, Queens, NY,43029.0
36081088400,884.0, Queens, NY,115368.0
36081088902,889.02, Queens, NY,51102.0
36081088903,889.03, Queens, NY,83977.0
36081089201,892.01, Queens, NY,135882.0
36081089202,892.02, Queens, NY,
36081090700,907.0, Queens, NY,84545.0
36081091602,916.02, Queens, NY,
36081091603,916.03, Queens, NY,171510.0
36081091604,916.04, Queens, NY,
36081091800,918.0, Queens, NY,
36081091900,919.0, Queens, NY,105735.0
36081092200,922.0, Queens, NY,200833.0
36081092500,925.0, Queens, NY,52266.0
36081092800,928.0, Queens, NY,143698.0
36081092900,929.0, Queens, NY,86156.0
36081093401,934.01, Queens, NY,135227.0
36081093402,934.02, Queens, NY,133141.0
36081093800,938.0, Queens, NY,64382.0
36081093900,939.0, Queens, NY,83872.0
36081094201,942.01, Queens, NY,85000.0
36081094202,942.02, Queens, NY,54741.0
36081094203,942.03, Queens, NY,80392.0
36081094500,945.0, Queens, NY,77800.0
36081094700,947.0, Queens, NY,67734.0
36081095400,954.0, Queens, NY,83060.0
36081096400,964.0, Queens, NY,94694.0
36081097202,972.02, Queens, NY,37885.0
36081097204,972.04, Queens, NY,67615.0
36081097205,972.05, Queens, NY,29334.0
36081097206,972.06, Queens, NY,
36081097207,972.07, Queens, NY,
36081097300,973.0, Queens, NY,119821.0
36081098100,981.0, Queens, NY,107885.0
36081098700,987.0, Queens, NY,119095.0
36081099100,991.0, Queens, NY,113494.0
36081099200,992.0, Queens, NY,56500.0
36081099701,997.01, Queens, NY,107875.0
36081099703,997.03, Queens, NY,129792.0
36081099704,997.04, Queens, NY,134167.0
36081099705,997.05, Queens, NY,132457.0
36081099801,998.01, Queens, NY,91671.0
36081099802,998.02, Queens, NY,71852.0
36081099900,999.0, Queens, NY,
36081100801,1008.01, Queens, NY,129722.0
36081100803,1008.03, Queens, NY,44960.0
36081100804,1008.04, Queens, NY,117216.0
36081101002,1010.02, Queens, NY,120625.0
36081101003,1010.03, Queens, NY,107344.0
36081101004,1010.04, Queens, NY,64566.0
36081101700,1017.0, Queens, NY,104935.0
36081102900,1029.0, Queens, NY,94844.0
36081103201,1032.01, Queens, NY,49982.0
36081103202,1032.02, Queens, NY,78849.0
36081103300,1033.0, Queens, NY,89565.0
36081103900,1039.0, Queens, NY,74225.0
36081104700,1047.0, Queens, NY,75597.0
36081105900,1059.0, Queens, NY,103229.0
36081107201,1072.01, Queens, NY,97250.0
36081107202,1072.02, Queens, NY,
36081108500,1085.0, Queens, NY,66200.0
36081109300,1093.0, Queens, NY,176544.0
36081109700,1097.0, Queens, NY,109708.0
36081109900,1099.0, Queens, NY,102704.0
36081111300,1113.0, Queens, NY,124609.0
36081112300,1123.0, Queens, NY,110357.0
36081112900,1129.0, Queens, NY,89818.0
36081113300,1133.0, Queens, NY,125897.0
36081113900,1139.0, Queens, NY,81429.0
36081114100,1141.0, Queens, NY,120417.0
36081114700,1147.0, Queens, NY,93875.0
36081115100,1151.0, Queens, NY,106625.0
36081115500,1155.0, Queens, NY,74688.0
36081115700,1157.0, Queens, NY,81477.0
36081115900,1159.0, Queens, NY,76118.0
36081116100,1161.0, Queens, NY,46474.0
36081116301,1163.01, Queens, NY,32190.0
36081116302,1163.02, Queens, NY,49048.0
36081116700,1167.0, Queens, NY,54615.0
36081117100,1171.0, Queens, NY,62067.0
36081117500,1175.0, Queens, NY,103720.0
36081118100,1181.0, Queens, NY,80057.0
36081118500,1185.0, Queens, NY,53125.0
36081118700,1187.0, Queens, NY,53580.0
36081118900,1189.0, Queens, NY,63587.0
36081119100,1191.0, Queens, NY,40577.0
36081119300,1193.0, Queens, NY,72308.0
36081119500,1195.0, Queens, NY,81346.0
36081119900,1199.0, Queens, NY,88594.0
36081120100,1201.0, Queens, NY,66328.0
36081120300,1203.0, Queens, NY,62986.0
36081120500,1205.0, Queens, NY,53421.0
36081120701,1207.01, Queens, NY,93393.0
36081120702,1207.02, Queens, NY,
36081121100,1211.0, Queens, NY,
36081121500,1215.0, Queens, NY,93676.0
36081122300,1223.0, Queens, NY,87400.0
36081122702,1227.02, Queens, NY,42661.0
36081122703,1227.03, Queens, NY,80142.0
36081122704,1227.04, Queens, NY,71602.0
36081124100,1241.0, Queens, NY,81908.0
36081124700,1247.0, Queens, NY,96336.0
36081125700,1257.0, Queens, NY,74750.0
36081126500,1265.0, Queens, NY,150750.0
36081126700,1267.0, Queens, NY,111750.0
36081127700,1277.0, Queens, NY,151250.0
36081128300,1283.0, Queens, NY,
36081129102,1291.02, Queens, NY,126661.0
36081129103,1291.03, Queens, NY,111958.0
36081129104,1291.04, Queens, NY,125966.0
36081130100,1301.0, Queens, NY,123125.0
36081133300,1333.0, Queens, NY,119150.0
36081133900,1339.0, Queens, NY,126063.0
36081134100,1341.0, Queens, NY,108479.0
36081134701,1347.01, Queens, NY,85219.0
36081134702,1347.02, Queens, NY,82024.0
36081136700,1367.0, Queens, NY,103041.0
36081137700,1377.0, Queens, NY,101293.0
36081138501,1385.01, Queens, NY,72135.0
36081138502,1385.02, Queens, NY,
36081139900,1399.0, Queens, NY,135938.0
36081140300,1403.0, Queens, NY,69961.0
36081140901,1409.01, Queens, NY,112601.0
36081140902,1409.02, Queens, NY,88750.0
36081141700,1417.0, Queens, NY,93042.0
36081142900,1429.0, Queens, NY,109524.0
36081143500,1435.0, Queens, NY,126944.0
36081144100,1441.0, Queens, NY,106297.0
36081144700,1447.0, Queens, NY,86250.0
36081145101,1451.01, Queens, NY,78750.0
36081145102,1451.02, Queens, NY,87540.0
36081145900,1459.0, Queens, NY,106012.0
36081146300,1463.0, Queens, NY,76410.0
36081146700,1467.0, Queens, NY,114757.0
36081147100,1471.0, Queens, NY,117762.0
36081147900,1479.0, Queens, NY,97500.0
36081148300,1483.0, Queens, NY,148000.0
36081150701,1507.01, Queens, NY,152221.0
36081150702,1507.02, Queens, NY,106889.0
36081152901,1529.01, Queens, NY,104671.0
36081152902,1529.02, Queens, NY,136613.0
36081155101,1551.01, Queens, NY,136250.0
36081155103,1551.03, Queens, NY,89526.0
36081155104,1551.04, Queens, NY,182879.0
36081156700,1567.0, Queens, NY,110938.0
36081157101,1571.01, Queens, NY,112414.0
36081157102,1571.02, Queens, NY,120923.0
36081157901,1579.01, Queens, NY,141615.0
36081157902,1579.02, Queens, NY,94327.0
36081157903,1579.03, Queens, NY,115742.0
36081161700,1617.0, Queens, NY,131188.0
36081162100,1621.0, Queens, NY,96875.0
36081990100,9901.0, Queens, NY,
36085000300,3.0, Richmond, NY,107308.0
36085000600,6.0, Richmond, NY,91181.0
36085000700,7.0, Richmond, NY,63910.0
36085000800,8.0, Richmond, NY,91923.0
36085000900,9.0, Richmond, NY,75568.0
36085001100,11.0, Richmond, NY,46646.0
36085001700,17.0, Richmond, NY,60625.0
36085001800,18.0, Richmond, NY,77727.0
36085002001,20.01, Richmond, NY,99067.0
36085002002,20.02, Richmond, NY,105913.0
36085002100,21.0, Richmond, NY,63625.0
36085002700,27.0, Richmond, NY,31958.0
36085002900,29.0, Richmond, NY,56385.0
36085003300,33.0, Richmond, NY,116648.0
36085003600,36.0, Richmond, NY,124239.0
36085003900,39.0, Richmond, NY,108750.0
36085004001,40.01, Richmond, NY,73878.0
36085004002,40.02, Richmond, NY,137736.0
36085004003,40.03, Richmond, NY,
36085004004,40.04, Richmond, NY,123693.0
36085004700,47.0, Richmond, NY,122536.0
36085005000,50.0, Richmond, NY,79306.0
36085005901,59.01, Richmond, NY,98975.0
36085005902,59.02, Richmond, NY,
36085006400,64.0, Richmond, NY,90533.0
36085006700,67.0, Richmond, NY,205598.0
36085007001,70.01, Richmond, NY,67589.0
36085007002,70.02, Richmond, NY,86685.0
36085007400,74.0, Richmond, NY,87813.0
36085007500,75.0, Richmond, NY,94310.0
36085007700,77.0, Richmond, NY,82038.0
36085008100,81.0, Richmond, NY,78646.0
36085009601,96.01, Richmond, NY,113365.0
36085009602,96.02, Richmond, NY,91328.0
36085009701,97.01, Richmond, NY,115385.0
36085009702,97.02, Richmond, NY,
36085010500,105.0, Richmond, NY,116019.0
36085011201,112.01, Richmond, NY,99411.0
36085011203,112.03, Richmond, NY,75679.0
36085011204,112.04, Richmond, NY,
36085011401,114.01, Richmond, NY,78863.0
36085011402,114.02, Richmond, NY,97188.0
36085012100,121.0, Richmond, NY,175249.0
36085012200,122.0, Richmond, NY,107500.0
36085012500,125.0, Richmond, NY,125486.0
36085012804,128.04, Richmond, NY,111053.0
36085012805,128.05, Richmond, NY,117102.0
36085012806,128.06, Richmond, NY,61386.0
36085013201,132.01, Richmond, NY,125000.0
36085013203,132.03, Richmond, NY,121542.0
36085013204,132.04, Richmond, NY,116000.0
36085013301,133.01, Richmond, NY,24926.0
36085013302,133.02, Richmond, NY,82679.0
36085013400,134.0, Richmond, NY,91250.0
36085013800,138.0, Richmond, NY,144974.0
36085014100,141.0, Richmond, NY,61518.0
36085014604,146.04, Richmond, NY,145781.0
36085014605,146.05, Richmond, NY,124643.0
36085014606,146.06, Richmond, NY,119635.0
36085014607,146.07, Richmond, NY,111591.0
36085014608,146.08, Richmond, NY,126111.0
36085014700,147.0, Richmond, NY,144327.0
36085015100,151.0, Richmond, NY,115660.0
36085015400,154.0, Richmond, NY,
36085015601,156.01, Richmond, NY,144093.0
36085015602,156.02, Richmond, NY,127589.0
36085015603,156.03, Richmond, NY,94206.0
36085016901,169.01, Richmond, NY,145313.0
36085017005,170.05, Richmond, NY,131667.0
36085017007,170.07, Richmond, NY,106319.0
36085017009,170.09, Richmond, NY,113324.0
36085017011,170.11, Richmond, NY,134500.0
36085017012,170.12, Richmond, NY,139653.0
36085017013,170.13, Richmond, NY,90625.0
36085017014,170.14, Richmond, NY,100345.0
36085017015,170.15, Richmond, NY,173000.0
36085017016,170.16, Richmond, NY,115278.0
36085017300,173.0, Richmond, NY,55441.0
36085017600,176.0, Richmond, NY,184878.0
36085017701,177.01, Richmond, NY,164343.0
36085017702,177.02, Richmond, NY,105909.0
36085018100,181.0, Richmond, NY,111632.0
36085018701,187.01, Richmond, NY,132404.0
36085018703,187.03, Richmond, NY,81415.0
36085018704,187.04, Richmond, NY,153438.0
36085018901,189.01, Richmond, NY,143237.0
36085018902,189.02, Richmond, NY,117422.0
36085019700,197.0, Richmond, NY,110217.0
36085019800,198.0, Richmond, NY,98676.0
36085020100,201.0, Richmond, NY,124762.0
36085020701,207.01, Richmond, NY,80169.0
36085020702,207.02, Richmond, NY,
36085020803,208.03, Richmond, NY,148507.0
36085020804,208.04, Richmond, NY,98958.0
36085020805,208.05, Richmond, NY,118568.0
36085020806,208.06, Richmond, NY,109750.0
36085021300,213.0, Richmond, NY,80664.0
36085022300,223.0, Richmond, NY,77670.0
36085022601,226.01, Richmond, NY,143705.0
36085022602,226.02, Richmond, NY,169183.0
36085022801,228.01, Richmond, NY,
36085022802,228.02, Richmond, NY,
36085023100,231.0, Richmond, NY,73700.0
36085023900,239.0, Richmond, NY,103272.0
36085024401,244.01, Richmond, NY,127889.0
36085024402,244.02, Richmond, NY,126482.0
36085024700,247.0, Richmond, NY,109440.0
36085024800,248.0, Richmond, NY,134065.0
36085025100,251.0, Richmond, NY,146736.0
36085027301,273.01, Richmond, NY,108309.0
36085027302,273.02, Richmond, NY,91080.0
36085027702,277.02, Richmond, NY,97005.0
36085027704,277.04, Richmond, NY,90886.0
36085027705,277.05, Richmond, NY,116701.0
36085027706,277.06, Richmond, NY,101125.0
36085027900,279.0, Richmond, NY,185729.0
36085029102,291.02, Richmond, NY,108040.0
36085029104,291.04, Richmond, NY,116542.0
36085029105,291.05, Richmond, NY,156181.0
36085029106,291.06, Richmond, NY,129658.0
36085030301,303.01, Richmond, NY,97196.0
36085030302,303.02, Richmond, NY,96163.0
36085031901,319.01, Richmond, NY,43569.0
36085031902,319.02, Richmond, NY,107009.0
36085032300,323.0, Richmond, NY,116875.0
36085990100,9901.0, Richmond, NY,
